0,1,0.459802,0.232119,-0.00246881,0.471121,0.213951,0.0015231,0.480408,0.212629,-0.00535154,0.489597,0.211355,-0.00237093,0.445562,0.217564,-0.000125324,0.436369,0.218582,0.00166368,0.427339,0.219637,-0.00187671,0.506054,0.217892,0.000815978,0.420263,0.228431,0.000163098,0.480726,0.247624,0.00142835,0.447261,0.251734,-0.000618786,0.578634,0.291808,-0.198728,0.376191,0.311747,-0.179668,0.592674,0.408179,-0.109154,0.368228,0.43261,-0.0496153,0.552851,0.386161,-0.270689,0.376693,0.409616,-0.256714,0.541233,0.383944,-0.33945,0.381816,0.407573,-0.328876,0.542307,0.362162,-0.337851,0.379384,0.382793,-0.332657,0.536221,0.365076,-0.324097,0.389685,0.38419,-0.310998,0.557506,0.481281,-0.0756595,0.425703,0.487223,0.0599104,0.586098,0.561765,-0.427816,0.362965,0.569339,-0.334506,0.632126,0.80414,-0.423658,0.371666,0.793997,-0.237575,0.636056,0.836719,-0.433966,0.392979,0.82457,-0.287697,0.615992,0.879404,-0.611999,0.337201,0.868856,-0.445512
33367,1,0.454497,0.237768,-0.000908722,0.465227,0.220558,0.00232468,0.47463,0.219388,-0.0057682,0.483901,0.218243,-0.00341315,0.439569,0.223938,-0.000164272,0.430146,0.22502,0.000420474,0.420842,0.226154,-0.00104802,0.499283,0.227598,0.00186686,0.411104,0.237605,-0.00255827,0.475216,0.254166,0.000252666,0.439855,0.258539,-0.00183138,0.578597,0.303938,-0.344913,0.363303,0.318796,-0.326374,0.586705,0.422115,-0.371308,0.383705,0.434899,-0.273919,0.425877,0.394898,-0.492929,0.511607,0.383382,-0.449898,0.38991,0.39067,-0.558903,0.545156,0.378208,-0.497565,0.397006,0.371656,-0.550771,0.540241,0.357314,-0.497045,0.408598,0.374158,-0.541625,0.53343,0.360637,-0.483627,0.548046,0.492708,-0.0909621,0.415497,0.495416,0.0542124,0.580848,0.575319,-0.380161,0.368163,0.566177,-0.356471,0.620778,0.795118,-0.293102,0.36924,0.791454,-0.149159,0.621799,0.824481,-0.279055,0.384992,0.819929,-0.209192,0.620883,0.872641,-0.431435,0.349552,0.875999,-0.372477
66733,1,0.454479,0.244624,-0.000497476,0.463692,0.226262,0.00301967,0.473225,0.224881,-0.00619534,0.482623,0.223535,-0.00318668,0.437569,0.229969,-0.000667707,0.427787,0.231158,0.000533469,0.418132,0.232398,-0.00120161,0.497834,0.23105,0.00206872,0.407332,0.242664,-0.00208272,0.475612,0.260123,0.000331228,0.439837,0.264921,-0.00197442,0.574187,0.303401,-0.361838,0.363205,0.318614,-0.330979,0.583294,0.414435,-0.34966,0.389527,0.430418,-0.247543,0.40923,0.408127,-0.476769,0.526659,0.388642,-0.422604,0.372303,0.413361,-0.540437,0.564117,0.387235,-0.478916,0.370921,0.39428,-0.533758,0.559395,0.364055,-0.478853,0.384525,0.394085,-0.52418,0.55174,0.366654,-0.462652,0.547107,0.4936,-0.0783147,0.414092,0.496644,0.0439831,0.603427,0.588427,-0.39518,0.367811,0.572865,-0.371421,0.629873,0.805068,-0.296988,0.371507,0.792406,-0.145931,0.624043,0.834985,-0.289234,0.387713,0.82132,-0.220001,0.641734,0.878764,-0.465058,0.350203,0.871668,-0.397526
100100,1,0.460108,0.250586,-0.000352544,0.468451,0.231465,0.0029323,0.478031,0.230154,-0.00636665,0.487482,0.228875,-0.00326585,0.442024,0.23489,-0.000665795,0.431955,0.23596,0.000107035,0.422018,0.237081,-0.00107846,0.50084,0.236039,0.00178874,0.408668,0.246918,-0.00215932,0.480269,0.265976,0.000330663,0.44382,0.270534,-0.00155516,0.57397,0.307715,-0.366474,0.361987,0.3229,-0.356835,0.574035,0.423766,-0.3593,0.386161,0.443101,-0.30143,0.402075,0.415659,-0.476716,0.529083,0.396242,-0.459508,0.365707,0.420902,-0.530759,0.567746,0.394638,-0.508858,0.365829,0.401142,-0.523813,0.561641,0.371638,-0.508604,0.378472,0.400273,-0.516098,0.553327,0.373756,-0.493012,0.544684,0.499057,-0.0702296,0.413883,0.500931,0.0394883,0.598697,0.594987,-0.394503,0.362494,0.578242,-0.393061,0.62792,0.80275,-0.238206,0.372227,0.794084,-0.111968,0.625085,0.830859,-0.235671,0.389808,0.821604,-0.179346,0.636173,0.876226,-0.403359,0.347023,0.875092,-0.355236
133467,1,0.456731,0.256314,-0.000142721,0.465552,0.236623,0.00294681,0.475292,0.235229,-0.00638544,0.484899,0.233867,-0.00308951,0.438933,0.240031,-0.000701411,0.428894,0.240995,0.000291897,0.418971,0.242006,-0.00133292,0.499054,0.239406,0.00160746,0.406517,0.250002,-0.00208958,0.477274,0.270702,2.31627e-05,0.440869,0.275218,-0.00173883,0.571557,0.306748,-0.399585,0.359664,0.322735,-0.388631,0.570808,0.423983,-0.370235,0.389485,0.444216,-0.329281,0.402746,0.41969,-0.511178,0.528028,0.401091,-0.491121,0.365796,0.426663,-0.575865,0.567496,0.400334,-0.550601,0.364772,0.405373,-0.56959,0.559778,0.375826,-0.552343,0.376767,0.404113,-0.556729,0.552083,0.377676,-0.533219,0.541915,0.496234,-0.0693314,0.409617,0.499461,0.0342821,0.600216,0.589841,-0.423263,0.363944,0.570599,-0.417411,0.628548,0.803977,-0.286429,0.371703,0.792433,-0.162026,0.623409,0.833414,-0.27939,0.387125,0.820647,-0.242232,0.639987,0.878031,-0.464018,0.356178,0.874918,-0.427284
166833,1,0.454434,0.264146,-9.26143e-05,0.463742,0.244764,0.00278982,0.473332,0.243548,-0.00663379,0.482806,0.24236,-0.00323218,0.437526,0.247668,-0.000575979,0.42766,0.248439,0.00040537,0.417907,0.249263,-0.00142504,0.496658,0.24803,0.00159977,0.405372,0.256934,-0.00207008,0.4743,0.278575,0.000295571,0.438358,0.282509,-0.00161319,0.570431,0.316552,-0.367759,0.357655,0.330705,-0.351898,0.562983,0.439695,-0.375079,0.386406,0.458789,-0.321464,0.399624,0.424076,-0.492441,0.522864,0.406573,-0.473084,0.363351,0.425959,-0.547818,0.561568,0.403531,-0.52612,0.367033,0.404553,-0.540259,0.552838,0.378633,-0.524938,0.378114,0.404402,-0.530032,0.545135,0.380822,-0.507946,0.544802,0.504746,-0.0723874,0.413965,0.506586,0.0384542,0.603073,0.59663,-0.373313,0.36592,0.569507,-0.382029,0.631973,0.80461,-0.261586,0.37926,0.792806,-0.167442,0.627916,0.831473,-0.253535,0.39635,0.820652,-0.234192,0.640449,0.882752,-0.409904,0.360464,0.877803,-0.394673
200200,1,0.450935,0.271905,6.00376e-05,0.46165,0.251601,0.00271107,0.471468,0.250372,-0.00631556,0.481176,0.249177,-0.00321524,0.435294,0.254169,-0.00050128,0.425604,0.254627,0.000216845,0.416016,0.255134,-0.00199793,0.497687,0.252239,0.00142821,0.406163,0.259723,-0.00202953,0.471742,0.285129,-0.000302292,0.436359,0.288603,-0.00191858,0.570387,0.315667,-0.437907,0.359374,0.32661,-0.396203,0.560705,0.439371,-0.40768,0.377821,0.448365,-0.34818,0.398506,0.432133,-0.556254,0.520949,0.409204,-0.525204,0.361495,0.437162,-0.618511,0.563577,0.409655,-0.587662,0.364296,0.414635,-0.612247,0.554212,0.384761,-0.590926,0.374741,0.413315,-0.597767,0.546198,0.386002,-0.567361,0.541878,0.501919,-0.0936905,0.409786,0.503505,0.0446687,0.610333,0.604348,-0.462016,0.360981,0.575869,-0.441916,0.632414,0.81134,-0.32442,0.378,0.797736,-0.178104,0.625965,0.840689,-0.312485,0.395397,0.827423,-0.271413,0.643795,0.879398,-0.501375,0.359407,0.873774,-0.463089
233567,1,0.453526,0.276018,-2.86107e-05,0.463356,0.255643,0.00294542,0.472893,0.254294,-0.0064937,0.482324,0.252974,-0.00292827,0.437782,0.258369,-0.000527846,0.428266,0.258859,0.000866968,0.418857,0.259401,-0.00145896,0.497654,0.255209,0.00138243,0.408475,0.263381,-0.00191373,0.473826,0.288312,9.69532e-05,0.439293,0.291928,-0.0018839,0.569524,0.316986,-0.349367,0.359345,0.328644,-0.332198,0.556891,0.445638,-0.330074,0.38117,0.455845,-0.298654,0.397183,0.430179,-0.458546,0.520484,0.411861,-0.44689,0.36036,0.432423,-0.51394,0.5616,0.410921,-0.501492,0.365198,0.408894,-0.507647,0.553012,0.38485,-0.500964,0.375373,0.409103,-0.495,0.545071,0.386737,-0.483306,0.540428,0.506692,-0.0610934,0.411109,0.510016,0.0291099,0.61097,0.585462,-0.380405,0.370932,0.568978,-0.381317,0.626869,0.799247,-0.294654,0.384466,0.794791,-0.226727,0.619504,0.825899,-0.286315,0.400232,0.822059,-0.291165,0.632847,0.879233,-0.443181,0.372699,0.880902,-0.449723
266933,1,0.451888,0.277919,-0.000216238,0.461734,0.257192,0.0028785,0.471261,0.255851,-0.00640319,0.480683,0.254546,-0.00283875,0.436144,0.259644,-0.00057991,0.426614,0.259963,0.000517664,0.417192,0.260329,-0.00159951,0.495758,0.255146,0.00153308,0.406709,0.262412,-0.00179593,0.471631,0.289582,-8.20534e-05,0.437723,0.29285,-0.00191336,0.566273,0.313105,-0.363928,0.356026,0.324351,-0.349259,0.555509,0.439406,-0.327844,0.377403,0.450323,-0.302502,0.398555,0.428277,-0.469025,0.517506,0.410381,-0.471565,0.360991,0.432841,-0.526487,0.560067,0.410636,-0.527964,0.365589,0.408738,-0.521145,0.551327,0.383695,-0.528636,0.37585,0.407967,-0.50769,0.543182,0.385092,-0.50919,0.537356,0.505728,-0.0559097,0.408047,0.509345,0.0232875,0.610274,0.587827,-0.395362,0.375994,0.573374,-0.391453,0.62554,0.799144,-0.277762,0.386876,0.79357,-0.190846,0.616588,0.828362,-0.270418,0.401543,0.822216,-0.261541,0.640746,0.871616,-0.439262,0.373107,0.87364,-0.429637
300300,1,0.452349,0.279677,-0.000819637,0.463232,0.258496,0.00259184,0.472792,0.257199,-0.00630992,0.482251,0.255939,-0.00304088,0.437163,0.260723,-0.000388034,0.427728,0.260907,-0.000197208,0.418395,0.261134,-0.00140025,0.497809,0.255446,0.00128867,0.408168,0.262041,-0.00151205,0.471956,0.291181,0.000142524,0.438635,0.294073,-0.00144891,0.567593,0.312575,-0.430708,0.357127,0.322978,-0.419141,0.548579,0.441992,-0.406893,0.37353,0.4506,-0.375693,0.397178,0.425301,-0.552739,0.513753,0.411124,-0.556944,0.360674,0.425897,-0.609934,0.5564,0.410223,-0.61185,0.369518,0.402779,-0.603791,0.546143,0.383431,-0.612423,0.378526,0.402415,-0.590204,0.537924,0.384342,-0.591791,0.540042,0.498791,-0.0627649,0.412492,0.500908,0.0247081,0.612373,0.607818,-0.416092,0.37211,0.592986,-0.431416,0.625703,0.796293,-0.18109,0.389672,0.794359,-0.0781277,0.616234,0.821358,-0.173025,0.405578,0.820167,-0.147731,0.646572,0.865937,-0.342887,0.372042,0.870505,-0.329339
333667,1,0.456215,0.27594,-0.00067711,0.466863,0.255188,0.00273561,0.476382,0.254088,-0.00648769,0.485792,0.253022,-0.00306992,0.440852,0.257074,-0.000394904,0.431296,0.257194,-1.81263e-05,0.421853,0.257357,-0.00134785,0.499676,0.254054,0.00149041,0.410115,0.259523,-0.00145099,0.474677,0.288205,-2.7718e-06,0.440904,0.290716,-0.00153473,0.564222,0.314207,-0.400904,0.356912,0.320898,-0.386634,0.543096,0.445034,-0.375913,0.375756,0.444118,-0.341118,0.38983,0.421053,-0.511317,0.517588,0.403846,-0.513636,0.352667,0.42018,-0.564862,0.55993,0.402922,-0.564306,0.362135,0.39644,-0.557465,0.549509,0.377429,-0.565023,0.371768,0.396866,-0.547537,0.540728,0.378738,-0.545952,0.537579,0.497356,-0.0574371,0.410106,0.499873,0.0220559,0.617179,0.600673,-0.395174,0.379581,0.588907,-0.407284,0.637219,0.794778,-0.190802,0.386815,0.793507,-0.0887544,0.628967,0.819983,-0.185702,0.397982,0.820273,-0.152394,0.654662,0.864632,-0.350242,0.375756,0.866883,-0.328492
367033,1,0.453788,0.273196,-0.000746798,0.465286,0.251714,0.00255913,0.474782,0.25045,-0.00648094,0.484177,0.249229,-0.00322572,0.438794,0.253735,-0.00010251,0.429334,0.253773,-8.47984e-05,0.41998,0.253848,-0.00157809,0.498817,0.248568,0.00136574,0.408871,0.254298,-0.00152457,0.472494,0.284767,0.000208485,0.439408,0.287306,-0.00111876,0.567186,0.307735,-0.407387,0.35299,0.316167,-0.392698,0.547422,0.437361,-0.408746,0.365105,0.445129,-0.370409,0.406593,0.407155,-0.541239,0.511611,0.399717,-0.541046,0.37428,0.400802,-0.60035,0.554669,0.395964,-0.593001,0.386825,0.379952,-0.590997,0.545059,0.371218,-0.592373,0.3939,0.381734,-0.581398,0.535739,0.373095,-0.574568,0.537656,0.498504,-0.0651707,0.407743,0.500754,0.0247979,0.62074,0.611576,-0.431851,0.377466,0.597861,-0.418771,0.636513,0.800056,-0.174194,0.38605,0.792458,-0.0605425,0.626955,0.823925,-0.166527,0.397658,0.817941,-0.118135,0.655183,0.870272,-0.335409,0.371643,0.864277,-0.295719
400400,1,0.456265,0.263518,-0.000800263,0.46806,0.242316,0.00212513,0.477529,0.241005,-0.00671816,0.486895,0.239748,-0.00291097,0.440852,0.244354,0.00086153,0.431389,0.244365,0.00123286,0.422032,0.24442,-0.00116022,0.499802,0.237345,0.000628817,0.409721,0.24335,-0.000541646,0.473503,0.274672,0.000745752,0.441134,0.277209,-0.000203665,0.567252,0.293084,-0.357763,0.34811,0.307466,-0.40889,0.58618,0.41642,-0.274245,0.37576,0.43659,-0.377453,0.538579,0.384256,-0.502612,0.507519,0.391821,-0.589256,0.52855,0.377688,-0.581941,0.551472,0.389655,-0.646304,0.532745,0.355342,-0.574289,0.542566,0.362584,-0.648774,0.526833,0.35808,-0.556753,0.533126,0.364147,-0.63051,0.535796,0.48628,-0.020411,0.397337,0.489905,-0.00413821,0.627667,0.602408,-0.456649,0.377352,0.597483,-0.438096,0.630234,0.793593,-0.172985,0.378169,0.7898,-0.108818,0.614759,0.818848,-0.174375,0.385369,0.815871,-0.161757,0.650532,0.863031,-0.362288,0.376341,0.861495,-0.345064
433766,1,0.454732,0.259283,-0.000929496,0.466077,0.236808,0.00144721,0.4756,0.235245,-0.00682296,0.48502,0.23373,-0.00338543,0.438544,0.239151,0.00055183,0.429044,0.239086,0.00225963,0.419661,0.239089,-0.00218062,0.497731,0.228914,0.000227251,0.407722,0.235939,0.000491917,0.471768,0.269382,0.000812913,0.440061,0.272041,-0.000154073,0.564294,0.283721,-0.299064,0.342869,0.297687,-0.330519,0.582338,0.399778,-0.11666,0.361926,0.425808,-0.178226,0.565784,0.377114,-0.380034,0.432363,0.388302,-0.445675,0.560558,0.371564,-0.47401,0.461366,0.382329,-0.515128,0.560723,0.348667,-0.471608,0.448967,0.353265,-0.52428,0.549709,0.350729,-0.449683,0.449317,0.355783,-0.499482,0.533555,0.477413,-0.00198865,0.389848,0.483475,-0.00493853,0.629722,0.593459,-0.444252,0.385484,0.601442,-0.423019,0.629726,0.798453,-0.309678,0.38603,0.801749,-0.245497,0.613998,0.828938,-0.314071,0.391611,0.831927,-0.3058,0.641661,0.853902,-0.518867,0.391289,0.859242,-0.497875
467133,1,0.45408,0.25002,-0.00137459,0.466506,0.227371,0.00128871,0.476259,0.225998,-0.0068574,0.485902,0.224672,-0.00333609,0.438342,0.229135,0.000574591,0.42864,0.228825,0.00237411,0.419067,0.228582,-0.00190806,0.498326,0.220072,-0.000386385,0.40619,0.225078,0.000920776,0.470472,0.260621,0.00117801,0.43794,0.262537,0.000329003,0.561982,0.274042,-0.338331,0.339893,0.289429,-0.376799,0.585025,0.388367,-0.115888,0.355457,0.420211,-0.181839,0.568777,0.372376,-0.380382,0.413571,0.383352,-0.468131,0.56386,0.368937,-0.477282,0.438784,0.375199,-0.53761,0.561882,0.346636,-0.475998,0.424245,0.346913,-0.549368,0.550658,0.34756,-0.454877,0.426746,0.349389,-0.521413,0.529474,0.463684,-0.0154692,0.385657,0.471175,0.00744193,0.620985,0.585165,-0.473917,0.385118,0.603549,-0.448332,0.633839,0.787928,-0.287307,0.387619,0.798948,-0.193102,0.622853,0.816435,-0.293445,0.393586,0.826899,-0.251624,0.635159,0.844232,-0.511489,0.390233,0.857087,-0.45786
500499,1,0.451571,0.242381,-0.00218968,0.463779,0.218676,0.00166896,0.473667,0.217102,-0.0070495,0.483449,0.215568,-0.00351236,0.435197,0.220937,0.000481087,0.42524,0.220779,0.00304062,0.415422,0.220697,-0.00214386,0.496946,0.210751,-0.000123942,0.40347,0.217525,0.00156108,0.46929,0.253368,0.00177454,0.436176,0.255702,0.000368755,0.566034,0.268279,-0.319742,0.338016,0.281874,-0.33527,0.583993,0.374463,-0.0663822,0.357395,0.401323,-0.0740645,0.538677,0.371198,-0.26441,0.405833,0.379161,-0.314404,0.525893,0.372851,-0.343982,0.426339,0.372983,-0.369588,0.522068,0.352579,-0.345651,0.411686,0.347963,-0.383408,0.51601,0.351541,-0.330441,0.417275,0.349545,-0.360177,0.534173,0.460204,-0.0128431,0.386426,0.468756,0.0167625,0.621286,0.580928,-0.443502,0.386118,0.61172,-0.433311,0.634484,0.781209,-0.283708,0.391146,0.803204,-0.185649,0.625973,0.808066,-0.294802,0.39862,0.829484,-0.228535,0.626508,0.836984,-0.506572,0.393799,0.860394,-0.442844
533867,1,0.452426,0.223,-0.00230131,0.46264,0.200958,0.00137825,0.471793,0.199622,-0.00703532,0.480849,0.198336,-0.00320416,0.435529,0.202817,0.000753625,0.425973,0.202617,0.0024246,0.416565,0.202493,-0.00122729,0.491241,0.194933,-0.000241838,0.402542,0.20039,0.00181614,0.468301,0.233845,0.00205968,0.436827,0.235616,0.000712953,0.556835,0.251983,-0.195296,0.342288,0.26746,-0.218063,0.583819,0.363661,-0.00871062,0.35586,0.391102,-0.0276665,0.567485,0.349219,-0.176467,0.374716,0.364107,-0.245765,0.559746,0.347483,-0.263721,0.388147,0.35809,-0.329515,0.559133,0.325299,-0.259796,0.372198,0.331495,-0.336549,0.549903,0.326678,-0.248244,0.380761,0.333292,-0.313786,0.532295,0.453572,0.0192718,0.391115,0.461984,-0.00193002,0.618965,0.582732,-0.390011,0.393442,0.616785,-0.34642,0.634674,0.781453,-0.210696,0.391461,0.798991,-0.150417,0.626224,0.806719,-0.224682,0.399399,0.823032,-0.174787,0.625778,0.841984,-0.423445,0.386637,0.857535,-0.354722
567233,1,0.447838,0.210544,-0.00165385,0.458163,0.18896,0.00141722,0.467202,0.187763,-0.0071982,0.476153,0.186619,-0.0036218,0.431477,0.190682,0.00124929,0.422218,0.190497,0.00170721,0.413118,0.190393,-0.000848758,0.48775,0.184641,0.000384961,0.40088,0.189497,0.00147039,0.464482,0.221758,0.00169381,0.433112,0.223436,0.000811329,0.55109,0.245521,-0.151614,0.341987,0.258276,-0.192189,0.572878,0.358181,9.9473e-05,0.350427,0.382653,-0.0654913,0.561875,0.338147,-0.13957,0.384862,0.346871,-0.246912,0.557427,0.333624,-0.22319,0.402958,0.337829,-0.322791,0.558353,0.312657,-0.216434,0.38845,0.312492,-0.32734,0.549073,0.314538,-0.208855,0.394211,0.315202,-0.309073,0.526275,0.454846,0.0402348,0.388882,0.46215,-0.0210997,0.615857,0.597952,-0.341751,0.394636,0.625323,-0.286453,0.635973,0.785533,-0.106234,0.389423,0.799746,-0.0714522,0.627302,0.80857,-0.120219,0.393552,0.822167,-0.0883582,0.63699,0.846232,-0.29999,0.391961,0.858667,-0.245004
600600,1,0.447837,0.198019,-0.0013771,0.46016,0.178085,0.00215583,0.469038,0.177531,-0.00684432,0.477843,0.177043,-0.00332209,0.434198,0.178124,0.000606393,0.425198,0.177518,0.00090821,0.41631,0.176982,-0.000904054,0.489916,0.177001,0.00129594,0.404034,0.176699,-0.000188809,0.463239,0.210386,0.00136825,0.432175,0.210404,-0.000479839,0.55837,0.23627,-0.155272,0.339425,0.24438,-0.170281,0.56944,0.362061,-0.148522,0.362559,0.376802,-0.129546,0.468349,0.326871,-0.2724,0.480007,0.320094,-0.273635,0.44671,0.317757,-0.338033,0.513947,0.307526,-0.331981,0.455675,0.299033,-0.326245,0.501318,0.287086,-0.330887,0.457722,0.302817,-0.324609,0.495685,0.291913,-0.320372,0.530824,0.447237,0.0108866,0.391582,0.45447,-0.00610207,0.611017,0.587873,-0.340088,0.394476,0.610883,-0.311201,0.625705,0.777333,-0.088366,0.392385,0.791102,-0.0383914,0.619876,0.801418,-0.098607,0.398757,0.814596,-0.0593862,0.628262,0.841168,-0.254404,0.385723,0.853273,-0.222486
633967,1,0.441668,0.176518,-0.000631198,0.454043,0.156558,0.00227352,0.463212,0.155843,-0.00714591,0.472311,0.155182,-0.00388892,0.428044,0.15735,0.000441296,0.419077,0.157157,0.000585787,0.410229,0.157045,-0.00102721,0.486933,0.158211,0.00210546,0.400602,0.160444,-9.82441e-05,0.460086,0.190548,0.000711198,0.427388,0.191624,-0.000490417,0.560087,0.231896,-0.127268,0.337899,0.240143,-0.128713,0.552848,0.355973,-0.117139,0.358192,0.369893,-0.0988753,0.398019,0.330662,-0.177598,0.477827,0.314134,-0.144406,0.36375,0.322321,-0.224799,0.508477,0.298232,-0.185369,0.372304,0.307515,-0.217016,0.49691,0.281722,-0.182991,0.382426,0.310342,-0.219867,0.491396,0.287426,-0.182772,0.523882,0.463889,0.00362608,0.386027,0.472136,0.00129989,0.599348,0.62043,-0.24863,0.388168,0.644044,-0.226312,0.623937,0.791751,0.013764,0.393911,0.809102,0.0274242,0.62163,0.813744,0.0159027,0.398338,0.829248,0.0282945,0.630179,0.853174,-0.106,0.399348,0.871631,-0.109599
667333,1,0.44257,0.165629,-0.000998426,0.452999,0.145401,0.00275644,0.461968,0.144736,-0.00739032,0.470859,0.144126,-0.00367495,0.426857,0.145985,0.000109345,0.417571,0.145773,0.000332934,0.408385,0.145628,-0.00168527,0.480901,0.146748,0.00167209,0.39434,0.148995,0.000142378,0.458561,0.179901,0.00135071,0.425803,0.180812,-0.00073132,0.552024,0.222432,-0.116919,0.331338,0.227123,-0.125245,0.558858,0.358821,-0.106344,0.36397,0.360704,-0.115856,0.402839,0.318885,-0.201124,0.502169,0.30273,-0.184461,0.365022,0.3075,-0.25518,0.540328,0.289254,-0.227233,0.376809,0.288689,-0.24523,0.527674,0.270685,-0.223304,0.386994,0.294006,-0.244936,0.518562,0.277166,-0.223048,0.52498,0.457462,-0.00712254,0.386694,0.464757,0.00993336,0.596548,0.62576,-0.272662,0.385294,0.646085,-0.210357,0.628881,0.799877,-0.000735037,0.391222,0.814046,0.0370546,0.62862,0.824185,0.00201899,0.398116,0.836484,0.0374568,0.636388,0.858392,-0.121605,0.383325,0.874286,-0.0957977
700700,1,0.443286,0.148868,-0.000934611,0.450982,0.130202,0.00209754,0.459145,0.1291,-0.00753763,0.467262,0.128049,-0.00415189,0.426101,0.132274,0.000985403,0.417398,0.132611,0.000400724,0.408845,0.133018,-0.00122941,0.477159,0.130172,0.00145893,0.396095,0.137035,0.0019696,0.459271,0.16179,0.00244823,0.429078,0.164491,0.000243769,0.546364,0.20401,0.007652,0.341028,0.215219,0.00510157,0.566297,0.327205,0.016873,0.357082,0.339004,-0.00117652,0.502998,0.288048,-0.0602458,0.418822,0.281874,-0.0550455,0.485862,0.278764,-0.106738,0.439986,0.269054,-0.0977384,0.490883,0.260381,-0.100974,0.429489,0.250664,-0.0959132,0.489085,0.263998,-0.098551,0.429876,0.255369,-0.0913759,0.525139,0.436181,0.0235133,0.389641,0.444537,-0.00903348,0.593945,0.612913,-0.264352,0.393844,0.624289,-0.229944,0.629032,0.794093,0.02624,0.39704,0.805153,0.0196604,0.62847,0.818062,0.0227704,0.40173,0.828416,0.0222029,0.634835,0.850369,-0.113641,0.399124,0.865426,-0.11339
734066,1,0.434127,0.13198,-0.000280353,0.445302,0.112759,0.00258445,0.454496,0.111937,-0.00810254,0.463613,0.111162,-0.004354,0.419034,0.114162,0.000460999,0.409741,0.114352,0.000135454,0.40057,0.114614,-0.00127962,0.476985,0.115846,0.00234443,0.389126,0.120727,0.000136449,0.452598,0.14723,0.00112396,0.419163,0.14913,-0.000465512,0.547861,0.198231,-0.062702,0.330833,0.203852,-0.0503435,0.550303,0.328086,-0.0735033,0.358532,0.326635,-0.0505835,0.387642,0.287367,-0.132946,0.49611,0.27129,-0.0801196,0.349607,0.274823,-0.177618,0.531482,0.257611,-0.120087,0.36184,0.256928,-0.168555,0.522001,0.242046,-0.113831,0.372142,0.262174,-0.171323,0.51351,0.248097,-0.115763,0.521168,0.439957,-0.0156881,0.384596,0.449686,0.0167718,0.599612,0.610023,-0.257608,0.386855,0.634376,-0.199548,0.62946,0.783877,0.0260155,0.398509,0.801096,0.0571282,0.627614,0.806337,0.031433,0.407922,0.821863,0.0657017,0.641357,0.849297,-0.0865155,0.388275,0.867648,-0.0632907
767432,1,0.433587,0.115838,-0.000611328,0.444069,0.0969505,0.00318485,0.452979,0.0960524,-0.00793474,0.461806,0.0952013,-0.00419983,0.418667,0.0986947,0.000419291,0.409687,0.0990182,0.00041645,0.400833,0.0994045,-0.0013138,0.475245,0.100188,0.00216515,0.390475,0.106035,0.00086355,0.452265,0.131001,0.00155168,0.41972,0.133272,-0.000643404,0.549237,0.181846,-0.0700727,0.333125,0.190591,-0.0574236,0.556419,0.304643,-0.052615,0.352586,0.308116,-0.0270386,0.41145,0.269426,-0.0988708,0.494461,0.266395,-0.0339425,0.378577,0.258097,-0.136016,0.532044,0.257904,-0.0639018,0.389229,0.242419,-0.128289,0.524565,0.241846,-0.0608385,0.397746,0.246615,-0.131747,0.514819,0.245839,-0.0637122,0.519775,0.425984,-0.0113512,0.382922,0.435558,0.0158967,0.59957,0.599425,-0.259194,0.388345,0.626634,-0.200448,0.626117,0.779028,0.0248709,0.404189,0.802634,0.0519431,0.624842,0.801538,0.0287392,0.415613,0.824755,0.0576123,0.631461,0.844292,-0.0953135,0.389573,0.86844,-0.0808817
800800,1,0.431983,0.102789,-0.00131184,0.443305,0.0836731,0.00239438,0.452347,0.0830093,-0.00776696,0.46134,0.082395,-0.0042884,0.416829,0.0852258,0.000865827,0.40754,0.0854664,0.00105412,0.398426,0.0857776,-0.00150408,0.473996,0.087727,0.00163136,0.387349,0.0923013,0.00276513,0.449801,0.119097,0.00322876,0.416984,0.120874,2.07666e-05,0.54554,0.171504,-0.110269,0.328203,0.18118,-0.0946381,0.571682,0.2919,-0.0373282,0.326342,0.294786,-0.00253163,0.487517,0.251263,-0.033725,0.366224,0.265738,0.0246845,0.462637,0.241643,-0.0420832,0.378739,0.259088,0.0173758,0.464779,0.223507,-0.0377071,0.371594,0.241431,0.0147121,0.464495,0.227632,-0.0408018,0.375669,0.243894,0.0150932,0.520858,0.416568,-0.00765818,0.38055,0.426607,0.0121811,0.597947,0.593171,-0.262237,0.384181,0.622033,-0.211819,0.626583,0.776643,0.0277905,0.398618,0.801778,0.0442691,0.624311,0.799621,0.0306818,0.407879,0.823891,0.0557482,0.632482,0.839648,-0.107183,0.394741,0.867675,-0.0870041
834167,1,0.429482,0.0865822,-0.000191847,0.441251,0.0685727,0.00191915,0.450161,0.0678938,-0.00810889,0.459029,0.067255,-0.00437941,0.415571,0.0701605,0.00102495,0.406704,0.0704341,0.000808795,0.397996,0.0707721,-0.000405614,0.472621,0.0728664,0.00149347,0.38835,0.0775932,0.00326387,0.447424,0.10238,0.00402575,0.415169,0.104327,0.000384931,0.540695,0.158403,-0.0546555,0.326341,0.167496,-0.0642168,0.562444,0.281135,0.0321059,0.324814,0.287526,0.00806992,0.525684,0.241159,0.0216155,0.375905,0.256463,0.0160293,0.515462,0.232561,0.0157142,0.393375,0.250494,0.00818775,0.515121,0.213073,0.0141603,0.387658,0.231201,0.00517961,0.509309,0.215866,0.0164322,0.390197,0.23307,0.00723246,0.516935,0.396523,0.0454715,0.378539,0.408493,-0.025785,0.58545,0.577236,-0.18356,0.388333,0.612276,-0.256444,0.618372,0.734454,0.100239,0.397852,0.788841,0.00682284,0.614911,0.753326,0.10695,0.4077,0.811532,0.02331,0.627687,0.798778,-0.00213731,0.388173,0.853712,-0.11791
867533,1,0.428892,0.0723649,-0.000577134,0.440309,0.0535305,0.00144331,0.449467,0.0526764,-0.0085924,0.458592,0.0518691,-0.00491486,0.413379,0.0553041,0.001692,0.404205,0.0555553,0.000705146,0.395189,0.0558706,-3.19743e-05,0.471653,0.056907,0.00202941,0.383713,0.0621923,0.00293667,0.446627,0.0883765,0.00333207,0.413578,0.0905022,0.000588801,0.538554,0.14637,0.0107247,0.320015,0.15314,0.00846108,0.556739,0.282875,0.0538054,0.332954,0.281807,0.0383716,0.530847,0.227977,-0.0316417,0.380635,0.238152,-0.0217263,0.523831,0.213689,-0.0765138,0.398398,0.229499,-0.0695337,0.528248,0.192633,-0.074206,0.389734,0.207618,-0.0697731,0.520618,0.198244,-0.069704,0.392489,0.209866,-0.0629139,0.51287,0.39341,0.0561207,0.373026,0.403643,-0.0346998,0.567961,0.581029,-0.213418,0.384597,0.608235,-0.283576,0.595024,0.748367,0.103574,0.391504,0.789778,0.000282682,0.591382,0.769285,0.10195,0.397364,0.813194,0.0153598,0.601161,0.80937,-0.02326,0.390619,0.852194,-0.143132
900900,1,0.434755,0.0519086,0.00107408,0.445386,0.0336957,0.00303755,0.454226,0.0331262,-0.00909839,0.463002,0.0325939,-0.00561005,0.418565,0.0345172,0.00180817,0.409288,0.034611,0.000375779,0.400128,0.034753,0.00192373,0.47398,0.0393248,0.00290114,0.387941,0.0427938,0.00144111,0.452109,0.0694368,0.00190071,0.418735,0.0711106,-0.00174046,0.54182,0.138751,-0.0124683,0.320984,0.13816,-0.049829,0.556106,0.272227,0.0159079,0.367148,0.26478,-0.0744002,0.432193,0.226088,-0.051319,0.500533,0.209015,-0.111451,0.402599,0.212284,-0.0884343,0.536596,0.194943,-0.147966,0.411477,0.192543,-0.0877015,0.522954,0.179,-0.14136,0.418238,0.197903,-0.0785149,0.512765,0.18607,-0.14662,0.509192,0.391703,0.0804009,0.370925,0.401048,-0.0537694,0.574599,0.556138,-0.000153967,0.379412,0.60767,-0.268886,0.564921,0.662372,0.4118,0.389835,0.794281,-0.0312416,0.555403,0.670747,0.409461,0.400328,0.815805,-0.00856393,0.562098,0.725598,0.351972,0.376405,0.86952,-0.138636
934266,1,0.430909,0.0423073,0.000554911,0.444555,0.0235675,0.00161309,0.454057,0.0230199,-0.00904477,0.463528,0.0225131,-0.00537734,0.416656,0.0247367,0.00186394,0.407338,0.0249142,0.000979198,0.398183,0.0251438,0.000682542,0.477556,0.028774,0.00181955,0.388032,0.0321327,0.00379432,0.44907,0.0596198,0.00461354,0.415038,0.0612098,0.000602502,0.540125,0.127535,-0.0490728,0.320869,0.129348,-0.0659626,0.555106,0.260814,0.0478465,0.328946,0.256515,-0.00800231,0.528975,0.205308,0.0706044,0.366966,0.205518,0.0189876,0.521723,0.189767,0.0722055,0.380974,0.191526,0.0074882,0.525205,0.16801,0.070099,0.366934,0.171977,0.00832165,0.517144,0.174012,0.0717968,0.370822,0.177158,0.00777493,0.509388,0.384752,0.0711416,0.367815,0.392226,-0.0469768,0.565963,0.564048,-0.0785954,0.376441,0.604569,-0.259823,0.578007,0.704203,0.243733,0.387129,0.788906,-0.0153012,0.569203,0.718404,0.242662,0.396101,0.812221,0.0096191,0.580556,0.773825,0.158316,0.377304,0.858699,-0.129581
967632,1,0.433729,0.0281471,0.00133058,0.447746,0.010723,0.00124353,0.456976,0.0104425,-0.00979962,0.466171,0.0102114,-0.00489495,0.420137,0.0113335,0.00194918,0.410983,0.0112922,0.000611219,0.402011,0.011319,8.48376e-05,0.478341,0.0163938,0.00201744,0.390093,0.0181127,0.00439777,0.450345,0.0456831,0.00527796,0.417108,0.0463924,0.00142626,0.541033,0.114882,-0.00631258,0.321453,0.117923,-0.0350402,0.551139,0.244256,0.0836781,0.334131,0.245995,-0.00681068,0.538963,0.19416,0.114032,0.396305,0.188666,0.0310559,0.53517,0.18043,0.122103,0.416309,0.173445,0.0383633,0.538758,0.15784,0.123574,0.406015,0.155409,0.0416916,0.530718,0.162252,0.124794,0.40646,0.160598,0.040959,0.520311,0.371821,0.0518498,0.373695,0.380328,-0.0394717,0.583059,0.567806,-0.128622,0.378459,0.599077,-0.26684,0.60332,0.711734,0.151051,0.385384,0.776828,0.0216047,0.595694,0.726943,0.1628,0.39371,0.799338,0.0441877,0.610193,0.782966,0.0750885,0.375587,0.846481,-0.102103
1000999,1,0.442253,0.0136102,0.000401715,0.454107,-0.00561836,0.0019869,0.463181,-0.00599414,-0.0104079,0.472214,-0.00631952,-0.00537526,0.42635,-0.00511041,0.00259027,0.416783,-0.00530908,0.000274751,0.407382,-0.00545377,-0.00083501,0.48055,-0.00086394,0.00305161,0.391973,0.000777245,0.00339207,0.457008,0.0322147,0.00340548,0.423814,0.03273,0.00125621,0.543198,0.0998457,0.0356614,0.322767,0.10575,-0.0123295,0.569036,0.228214,0.119013,0.36703,0.233029,-0.0471371,0.534714,0.182725,0.0614034,0.46787,0.173515,-0.0661478,0.528046,0.170565,0.0364997,0.498351,0.160301,-0.082541,0.528927,0.150916,0.0389168,0.48827,0.142587,-0.0796289,0.523107,0.155182,0.0432115,0.485297,0.147655,-0.0794127,0.53003,0.373246,0.0548088,0.381541,0.384973,-0.0390883,0.591014,0.581174,-0.237176,0.386555,0.606676,-0.286425,0.615425,0.76527,0.113285,0.396731,0.794706,0.0246084,0.609937,0.787837,0.12203,0.403418,0.817428,0.0457975,0.618715,0.832141,-0.0266509,0.394303,0.863401,-0.119603
1034367,1,0.441402,-0.00370681,0.00019374,0.454792,-0.0197613,0.00100119,0.463859,-0.0193908,-0.00963519,0.472886,-0.0189637,-0.00514962,0.427157,-0.0204634,0.00178972,0.417677,-0.0208271,-0.000157251,0.408427,-0.021128,-0.00134004,0.480114,-0.00967547,0.00223912,0.392294,-0.0117942,0.00412548,0.455029,0.0169939,0.00543623,0.421142,0.0159731,0.0018688,0.542864,0.0961711,-0.024052,0.319644,0.0987391,-0.0578802,0.56732,0.217418,0.0834179,0.329084,0.214761,-0.0448929,0.542022,0.171141,0.196906,0.374979,0.160378,-0.0211614,0.534784,0.159652,0.222462,0.389368,0.14591,-0.0096672,0.531399,0.139692,0.231244,0.382113,0.131273,-0.0104278,0.524044,0.144239,0.226427,0.38549,0.137173,-0.0105602,0.54115,0.371104,0.0302619,0.391775,0.38145,-0.0181929,0.591891,0.574765,-0.207796,0.388726,0.594728,-0.224701,0.62625,0.751615,0.113547,0.393562,0.77873,0.0470123,0.625341,0.777053,0.127584,0.402662,0.804514,0.0764649,0.630199,0.812229,-0.0125251,0.37625,0.842065,-0.0623735
1067733,1,0.345973,0.116715,-0.00152882,0.360832,0.100984,0.000840538,0.368975,0.100669,-0.00542513,0.377073,0.100385,-0.00610197,0.339614,0.100657,0.00151011,0.333984,0.0997409,0.0015286,0.328528,0.0989107,0.0011916,0.397202,0.103618,0.0016776,0.331813,0.100851,-0.000333427,0.366233,0.13136,0.00399543,0.341392,0.130603,-0.00237714,0.485884,0.162135,-0.0205274,0.303874,0.174018,0.000930603,0.537556,0.194863,-0.0235808,0.323899,0.13489,-0.0575406,0.533124,0.142271,-0.146653,0.395323,0.0949404,-0.0320429,0.537762,0.12484,-0.206483,0.4161,0.0849952,-0.0249882,0.53196,0.120209,-0.197597,0.411489,0.0899369,-0.0187038,0.522347,0.128918,-0.191653,0.407854,0.0947617,-0.0249409,0.505526,0.39882,-0.0471561,0.383372,0.414775,0.0366947,0.550719,0.584801,-0.260457,0.388317,0.60706,-0.212727,0.599938,0.760011,-0.0397549,0.381802,0.809065,0.0173193,0.60806,0.782256,-0.0298826,0.38705,0.83417,0.017592,0.601996,0.818722,-0.141572,0.381581,0.883515,-0.110221
1101100,1,0.452756,-0.00109082,-0.0014215,0.46131,-0.0165845,0.00204982,0.468329,-0.0163153,-0.00910881,0.47529,-0.0159955,-0.0059704,0.437453,-0.0172583,0.00158019,0.428839,-0.017718,-0.0010406,0.4205,-0.0181595,-0.000913035,0.476099,-0.0094845,0.00251764,0.403169,-0.0110727,0.00478241,0.462375,0.0182143,0.00650813,0.434302,0.0169482,0.0019132,0.53422,0.0909133,-0.0472685,0.3312,0.0893052,-0.0974749,0.580872,0.169352,0.0748961,0.334785,0.165703,-0.0975363,0.552307,0.13931,0.278391,0.378682,0.126997,-0.0679516,0.544226,0.133468,0.324968,0.392326,0.117546,-0.0660957,0.535479,0.119804,0.336309,0.3875,0.109604,-0.0664247,0.530673,0.123433,0.32542,0.389638,0.115047,-0.0695556,0.538781,0.366692,0.0372478,0.3978,0.375576,-0.0198685,0.58838,0.575787,-0.202792,0.3867,0.590165,-0.216476,0.619783,0.774253,0.0939524,0.391966,0.796151,0.0304976,0.617703,0.802315,0.107121,0.401223,0.823967,0.0547197,0.619746,0.839072,-0.0394761,0.376957,0.86519,-0.0827066
1134466,1,0.344722,0.113485,-0.00111028,0.358237,0.0983405,0.00176222,0.365855,0.0975951,-0.00566927,0.373393,0.0968732,-0.00704624,0.338063,0.0992875,0.00195103,0.332745,0.098921,0.00127218,0.327601,0.0986222,0.000396609,0.394412,0.099773,0.00181784,0.331278,0.101059,-0.000777406,0.36531,0.126646,0.00373048,0.341759,0.127658,-0.00181426,0.482626,0.150382,0.0124523,0.312524,0.174544,0.0455169,0.563071,0.125682,-0.0571425,0.32929,0.131358,-0.0551384,0.546513,0.108203,-0.189198,0.425098,0.0987289,-0.0543537,0.54977,0.103671,-0.245751,0.449929,0.0915286,-0.0575508,0.533586,0.108692,-0.237688,0.45085,0.0980215,-0.0463234,0.528754,0.113887,-0.229788,0.445421,0.103355,-0.0513886,0.506017,0.389746,-0.064898,0.383868,0.404643,0.0505638,0.564964,0.588323,-0.284085,0.385235,0.601457,-0.214879,0.613972,0.783316,-0.0622198,0.376508,0.808278,0.0301118,0.618387,0.806795,-0.056212,0.384375,0.834331,0.0290785,0.620091,0.851779,-0.169865,0.373066,0.881742,-0.0996306
1167832,1,0.315661,0.142125,-9.79872e-05,0.325923,0.123515,0.00253618,0.332588,0.121392,-0.00748819,0.339168,0.119282,-0.00576858,0.311936,0.126491,0.00178862,0.309577,0.126274,0.000245829,0.307334,0.126122,0.000425567,0.36881,0.113935,0.00165612,0.327579,0.121261,-0.00131183,0.343923,0.150393,0.00532571,0.328621,0.153883,-0.00299453,0.490685,0.154659,-0.116534,0.349592,0.178938,0.0262572,0.590001,0.120642,-0.253077,0.405117,0.137094,0.0986776,0.544814,0.105192,-0.358855,0.486889,0.117565,0.190121,0.53947,0.102126,-0.409212,0.5109,0.116407,0.228644,0.526782,0.104121,-0.404438,0.51118,0.1157,0.232653,0.528625,0.108532,-0.401426,0.502912,0.117708,0.226579,0.52653,0.405563,-0.0772856,0.411122,0.41505,0.0839285,0.582385,0.598146,-0.329251,0.393788,0.613401,-0.177604,0.633555,0.799204,-0.123396,0.392208,0.827887,0.0448322,0.647288,0.823804,-0.116655,0.405304,0.856183,0.0339036,0.626707,0.865371,-0.24,0.3654,0.898468,-0.0879209
1201200,1,0.333141,0.136848,-0.000784771,0.345195,0.118693,0.00155499,0.352401,0.116854,-0.00651569,0.35954,0.115037,-0.00580033,0.327649,0.121365,0.00163933,0.323616,0.121262,0.000544828,0.319716,0.121214,0.000885618,0.386122,0.111868,0.00184517,0.332687,0.11882,-0.00164825,0.358793,0.146523,0.00449126,0.339166,0.149637,-0.002812,0.494594,0.158783,-0.0444759,0.336232,0.179305,0.0479663,0.594643,0.128651,-0.165516,0.390738,0.117862,0.0624345,0.560182,0.10215,-0.26518,0.467366,0.0997651,0.0822442,0.557826,0.0943963,-0.31288,0.487962,0.0981659,0.0987407,0.545276,0.0984016,-0.306749,0.489632,0.101752,0.102078,0.542764,0.103925,-0.302321,0.483008,0.103605,0.100615,0.520608,0.404141,-0.0874726,0.400675,0.415744,0.0760039,0.577526,0.601487,-0.315435,0.39245,0.61212,-0.200912,0.616763,0.807865,-0.116182,0.38505,0.821131,0.0375223,0.622548,0.831775,-0.106243,0.394379,0.849663,0.0315521,0.61637,0.878459,-0.219951,0.370537,0.889639,-0.0889698
1234567,1,0.332221,0.133688,-0.000637604,0.345478,0.116741,0.00234685,0.352391,0.115321,-0.00709947,0.359217,0.113908,-0.00605499,0.330343,0.118283,0.00170105,0.327445,0.117859,-0.000402665,0.324675,0.117511,0.000943988,0.386972,0.112528,0.00178239,0.341585,0.115419,-0.00155104,0.357445,0.144833,0.00420457,0.34086,0.146565,-0.00270679,0.493365,0.15964,-0.0720704,0.351788,0.173378,0.0656497,0.575167,0.117307,-0.206293,0.423828,0.101877,0.12931,0.547829,0.104063,-0.306951,0.508891,0.0998057,0.223215,0.546551,0.104014,-0.350053,0.530611,0.10314,0.262832,0.533317,0.106955,-0.346861,0.534205,0.10726,0.266401,0.532273,0.109661,-0.342066,0.527131,0.107242,0.259138,0.522226,0.406344,-0.0886315,0.40306,0.41538,0.0839058,0.571731,0.612402,-0.345357,0.398857,0.620986,-0.170091,0.617276,0.817091,-0.143904,0.390056,0.831325,0.0454073,0.627401,0.841526,-0.130996,0.400441,0.861011,0.0363396,0.605666,0.885689,-0.258775,0.362199,0.896763,-0.0837665
1267933,1,0.476533,0.0212269,-0.00328424,0.486006,0.00653386,0.00327833,0.492989,0.00750291,-0.00833727,0.49991,0.00849909,-0.00710075,0.461397,0.00392884,0.00255581,0.452411,0.00282317,0.000137757,0.443632,0.00178039,-0.000407412,0.498618,0.0140522,0.00332597,0.421972,0.00688446,0.00306147,0.482968,0.0412163,0.00451244,0.455654,0.0372717,0.000844159,0.54196,0.102599,0.0131109,0.350275,0.0935688,-0.0402816,0.617318,0.136992,0.0796101,0.360454,0.117611,-0.142772,0.584857,0.103526,0.097569,0.449221,0.0942881,-0.191972,0.581741,0.092349,0.0896076,0.467332,0.0876264,-0.234931,0.567664,0.0907946,0.103006,0.471368,0.0883905,-0.229095,0.561489,0.099376,0.0990784,0.471798,0.0934421,-0.233922,0.549914,0.377981,0.0338562,0.401381,0.386916,-0.0218637,0.59202,0.598084,-0.277445,0.400175,0.612681,-0.22184,0.628483,0.800748,0.0620808,0.391531,0.811511,0.0238805,0.626527,0.829156,0.0624593,0.397498,0.839159,0.0406166,0.625723,0.86516,-0.10525,0.379694,0.87904,-0.126962
1301300,1,0.327612,0.12632,-0.000766207,0.339122,0.110016,0.00458207,0.345652,0.107474,-0.00688751,0.352078,0.104923,-0.00417015,0.324564,0.114777,-0.000382299,0.321963,0.115157,0.00227414,0.319559,0.115609,4.06155e-05,0.379945,0.103066,0.00284153,0.337516,0.114379,0.000299857,0.354687,0.134552,0.00433239,0.337416,0.140111,-0.00180133,0.487663,0.14755,-0.0133712,0.35196,0.20089,0.22774,0.572148,0.130658,-0.198371,0.37714,0.279536,0.432335,0.574402,0.0927672,-0.421066,0.382796,0.327248,0.598634,0.593181,0.0834472,-0.492681,0.385462,0.34863,0.650493,0.562676,0.0842207,-0.492466,0.385508,0.340977,0.642256,0.556182,0.0918809,-0.476089,0.386864,0.333238,0.639149,0.505839,0.396884,-0.107824,0.403948,0.412335,0.109012,0.572995,0.598516,-0.384129,0.397221,0.615393,-0.145382,0.622693,0.80263,-0.159919,0.383175,0.814239,0.0885723,0.63575,0.831888,-0.159324,0.402678,0.842719,0.0919094,0.612077,0.874822,-0.278726,0.335666,0.886747,-0.0293789
1334667,1,0.349702,0.130975,-0.000672798,0.359608,0.112153,0.00275726,0.36671,0.109982,-0.00755903,0.373748,0.107825,-0.00610388,0.34345,0.115277,0.0028579,0.339497,0.11535,0.00060513,0.335634,0.115474,0.000912332,0.402036,0.103009,0.00232092,0.351122,0.112334,-0.00195787,0.377149,0.138657,0.00494734,0.358071,0.142704,-0.00321936,0.515217,0.142098,-0.0199626,0.354065,0.16431,0.0510478,0.604178,0.0931352,-0.129304,0.415054,0.104645,0.0457138,0.531513,0.0755478,-0.20576,0.531546,0.0997896,0.00615861,0.515915,0.0695795,-0.243716,0.564075,0.101911,0.00121058,0.512621,0.0780284,-0.233667,0.560356,0.10428,0.00449397,0.514946,0.0830757,-0.227231,0.549615,0.105045,0.00618295,0.52834,0.392421,-0.0569386,0.405557,0.402717,0.0494715,0.566937,0.598336,-0.221004,0.397978,0.60425,-0.229842,0.59625,0.782607,-0.0361504,0.390807,0.80388,0.0192867,0.599391,0.802116,-0.020919,0.399232,0.826927,0.021517,0.600368,0.856282,-0.103619,0.390101,0.879397,-0.0945629
1368033,1,0.367098,0.129733,-0.000887183,0.374616,0.112266,0.00297936,0.380745,0.110299,-0.0064142,0.386814,0.10835,-0.00660426,0.358294,0.114922,0.00176865,0.354411,0.114728,0.000439635,0.350654,0.114622,0.00111766,0.408789,0.102707,0.0017544,0.359521,0.109792,-0.00190498,0.389955,0.137197,0.00416341,0.373239,0.14029,-0.00281718,0.514804,0.142565,-0.0455414,0.359848,0.162122,0.0516777,0.58197,0.113473,-0.161173,0.419991,0.111061,0.109486,0.56494,0.0908605,-0.289347,0.498071,0.097682,0.179507,0.568436,0.0837745,-0.334658,0.518538,0.0977638,0.213137,0.553531,0.0878028,-0.330385,0.52142,0.0997933,0.214767,0.548533,0.09345,-0.323174,0.51539,0.101129,0.209637,0.537096,0.391876,-0.0749859,0.409666,0.404025,0.0602182,0.58776,0.594602,-0.297659,0.403043,0.61124,-0.219356,0.632932,0.789589,-0.0723641,0.382109,0.815732,0.0289706,0.640328,0.813764,-0.0594569,0.39209,0.844951,0.0230637,0.630322,0.855407,-0.16897,0.360213,0.883577,-0.107308
1401400,1,0.352659,0.146986,-0.000697974,0.358689,0.129736,0.0023603,0.364499,0.127164,-0.00632436,0.370262,0.124589,-0.00584069,0.344388,0.133605,0.00139577,0.341301,0.133779,0.00085435,0.338354,0.134036,0.00148512,0.394349,0.118928,0.00172809,0.35219,0.130275,-0.00181288,0.378097,0.153004,0.00434623,0.362164,0.157986,-0.00299829,0.508737,0.159038,-0.0653325,0.366812,0.191212,0.0564809,0.60115,0.128758,-0.205937,0.416215,0.173325,0.158826,0.568674,0.0980878,-0.347246,0.45464,0.129192,0.216571,0.569881,0.0901498,-0.393291,0.466163,0.120805,0.258678,0.550123,0.0941839,-0.392771,0.466552,0.11924,0.258676,0.546385,0.101188,-0.384855,0.465668,0.123303,0.256786,0.529526,0.404884,-0.0796813,0.414725,0.417327,0.0659326,0.562673,0.603738,-0.252574,0.401096,0.631297,-0.186782,0.615401,0.79071,-0.0537413,0.382468,0.83684,0.0326091,0.628264,0.813515,-0.0411221,0.395889,0.864403,0.0269111,0.614034,0.852688,-0.119589,0.354099,0.909116,-0.101833
1434766,1,0.379047,0.150896,-0.0012739,0.390544,0.133158,0.00244618,0.397739,0.131878,-0.00683673,0.404856,0.130618,-0.00704627,0.370949,0.134299,0.00241752,0.366137,0.133528,0.000709473,0.36148,0.132834,0.00137891,0.427607,0.125234,0.00242097,0.367412,0.127105,-0.000953391,0.40075,0.159189,0.0041548,0.380433,0.160286,-0.00268548,0.525238,0.163806,0.00657476,0.350697,0.184372,0.0570729,0.586012,0.151405,-0.0591089,0.39549,0.142619,-0.0027866,0.589609,0.127459,-0.185635,0.496505,0.121865,0.0407479,0.598558,0.1193,-0.241703,0.521629,0.118601,0.0470034,0.58541,0.122177,-0.233341,0.521725,0.122861,0.0568549,0.576981,0.127182,-0.225216,0.51545,0.126009,0.0489502,0.541689,0.411791,-0.0474063,0.411871,0.425226,0.0387537,0.57629,0.621774,-0.317313,0.406536,0.633853,-0.261167,0.624041,0.825035,-0.0793904,0.38046,0.852887,-0.00506103,0.632001,0.851261,-0.0778299,0.383533,0.882864,-0.0162643,0.624553,0.887536,-0.199014,0.375837,0.922184,-0.156675
1468132,1,0.50433,0.0125275,-0.000256509,0.512796,0.00104827,0.000766557,0.519567,0.00212479,-0.00982976,0.526254,0.00324932,-0.00579336,0.487585,-0.000780731,0.002454,0.478725,-0.00130379,-0.000446562,0.470172,-0.00177217,-9.2503e-05,0.523634,0.0145575,0.00287533,0.449751,0.00997803,0.0042023,0.512135,0.0357013,0.00855087,0.4828,0.0332215,0.00305713,0.575679,0.131035,-0.0118407,0.379526,0.12436,-0.0751192,0.612657,0.191191,0.124536,0.381713,0.175832,-0.0643222,0.599019,0.149844,0.445507,0.473313,0.130295,0.0463997,0.594198,0.141863,0.519816,0.497456,0.117341,0.0831759,0.585465,0.129012,0.534742,0.494926,0.111456,0.0875551,0.580817,0.133639,0.514588,0.491068,0.119845,0.0762594,0.567837,0.411947,-0.00620752,0.418725,0.415148,0.00461343,0.588907,0.641585,-0.230243,0.393726,0.644797,-0.213562,0.62418,0.851161,0.061088,0.381624,0.85389,0.0569066,0.628542,0.882377,0.0820817,0.388024,0.881756,0.0799127,0.607209,0.906356,-0.078285,0.370932,0.920475,-0.0757137
1501499,1,0.497509,0.012124,0.00137487,0.509792,-0.00478211,-0.000393665,0.518467,-0.00469813,-0.010716,0.527078,-0.0045498,-0.00527655,0.480204,-0.00496712,0.00253431,0.470393,-0.00508285,-0.000259587,0.460816,-0.00509453,-0.000758787,0.531818,0.00349087,0.00216069,0.441524,0.00418288,0.00498691,0.509675,0.0325652,0.00951606,0.475709,0.0325986,0.00348187,0.589112,0.118454,-0.0413934,0.374636,0.118261,-0.0640823,0.617444,0.191913,0.133961,0.388238,0.190289,0.01731,0.608542,0.16642,0.403367,0.455306,0.150757,0.231174,0.604802,0.160892,0.491688,0.47122,0.138708,0.28998,0.58608,0.145132,0.499345,0.480485,0.13149,0.298314,0.58136,0.150703,0.483326,0.479632,0.141135,0.28237,0.57932,0.40879,-0.0117802,0.420386,0.414272,0.00584792,0.601781,0.642399,-0.244193,0.399696,0.65167,-0.243794,0.630495,0.851136,0.0711319,0.383565,0.850648,0.0589003,0.631011,0.881456,0.0997834,0.388803,0.87873,0.0778377,0.626794,0.921391,-0.061853,0.376989,0.92334,-0.0894945
1534867,1,0.503549,0.0261604,0.00141726,0.515429,0.00884855,8.07257e-05,0.524247,0.00919378,-0.0103211,0.532982,0.00960675,-0.00608912,0.486678,0.00771204,0.00310855,0.476453,0.00705308,-0.000978828,0.466445,0.00649762,0.000800313,0.537071,0.0186074,0.00380382,0.445972,0.0157268,0.00284396,0.516115,0.0477918,0.00616081,0.480776,0.0463802,0.00176176,0.598037,0.128541,-0.0256154,0.37602,0.126445,-0.0618825,0.607851,0.200117,0.113552,0.41588,0.176482,0.0220878,0.472902,0.161967,0.303262,0.544434,0.156158,0.241604,0.439141,0.148301,0.330341,0.578789,0.151947,0.295661,0.431035,0.139449,0.339978,0.586096,0.141099,0.305427,0.440491,0.148347,0.329425,0.573866,0.148867,0.282729,0.577792,0.425815,-0.0231315,0.419657,0.432073,0.0157725,0.607572,0.654818,-0.204686,0.401601,0.668645,-0.242392,0.62599,0.859285,0.0891093,0.383479,0.867714,0.0638615,0.627272,0.886622,0.114388,0.387935,0.892952,0.0833737,0.61696,0.93499,-0.0315747,0.376511,0.946145,-0.0922018
1568233,1,0.506632,0.0208898,-4.57681e-05,0.517483,0.00406337,0.00128505,0.525907,0.00399548,-0.0107322,0.534239,0.00396788,-0.00611949,0.48909,0.00458649,0.00275939,0.479595,0.00477391,-0.00101413,0.470354,0.00507042,-0.00106676,0.541135,0.0130216,0.00292625,0.453826,0.0154888,0.00419364,0.520544,0.0416972,0.00796538,0.487712,0.0424623,0.00367557,0.595693,0.130432,-0.00870783,0.392656,0.127582,-0.0312799,0.611588,0.219304,0.110447,0.391605,0.206578,-0.0121836,0.610526,0.18553,0.325869,0.452599,0.176968,0.108614,0.608145,0.179029,0.397191,0.466504,0.168181,0.150867,0.598698,0.161479,0.402802,0.467768,0.159804,0.155031,0.590504,0.16603,0.390171,0.470562,0.165901,0.140878,0.585761,0.416263,-0.00372772,0.427515,0.42031,0.000833488,0.606627,0.652058,-0.227954,0.402991,0.658732,-0.234947,0.63585,0.865568,0.08107,0.395235,0.868117,0.0556182,0.63481,0.896559,0.105111,0.400233,0.897193,0.0736601,0.632278,0.92936,-0.0547562,0.38979,0.938899,-0.09964
1601600,1,0.500494,0.034431,0.000905181,0.516273,0.0168169,-0.000240668,0.526272,0.0173222,-0.0105024,0.536235,0.0178669,-0.00652608,0.485724,0.0159374,0.00289718,0.475609,0.0155842,-0.0011139,0.465748,0.0153686,0.000277919,0.547469,0.0273024,0.00292401,0.450973,0.0244013,0.00473413,0.515955,0.0572164,0.00669785,0.480476,0.0560702,0.00336547,0.609607,0.138596,-0.107013,0.383719,0.136953,-0.0774535,0.62937,0.220775,0.0205105,0.384833,0.204387,0.0255451,0.58779,0.197161,0.196334,0.418354,0.18598,0.341443,0.57277,0.192426,0.25554,0.425093,0.176757,0.447258,0.566523,0.175018,0.256024,0.424728,0.166163,0.45108,0.562254,0.178343,0.248928,0.429624,0.171107,0.427983,0.585926,0.433501,-0.070344,0.41775,0.434715,0.0502268,0.598278,0.675933,-0.281774,0.4059,0.672808,-0.205334,0.621817,0.886746,0.043041,0.389295,0.875085,0.0930302,0.620582,0.916183,0.0601921,0.391385,0.904141,0.111737,0.618441,0.953881,-0.0963807,0.393446,0.946378,-0.0538762
1634966,1,0.512651,0.024555,0.00114289,0.525262,0.00806171,0.00094884,0.533711,0.00837845,-0.0111498,0.542082,0.00873595,-0.0058974,0.497082,0.00767103,0.00254213,0.487808,0.00750563,-0.00149521,0.478803,0.00747567,-5.5192e-06,0.549686,0.0178189,0.00322963,0.463572,0.016856,0.00490272,0.52585,0.0459847,0.00705864,0.494243,0.0454814,0.00315662,0.607962,0.133052,-0.0361745,0.399765,0.133892,-0.00978785,0.615441,0.223222,0.0289016,0.401842,0.210154,0.0810109,0.582299,0.183535,0.188689,0.453522,0.181086,0.337919,0.571851,0.172458,0.238647,0.465616,0.169671,0.439757,0.566505,0.158406,0.242519,0.467947,0.158696,0.448975,0.560182,0.164039,0.234099,0.470883,0.164783,0.427341,0.590075,0.423189,-0.065741,0.424241,0.424507,0.0372834,0.611605,0.660448,-0.253213,0.400348,0.664945,-0.218847,0.638449,0.877247,0.0419211,0.38735,0.872096,0.0775984,0.636928,0.909885,0.0673657,0.388961,0.902502,0.0965718,0.647558,0.943339,-0.084401,0.38495,0.945426,-0.0846608
1668332,1,0.505129,0.0269204,0.00129291,0.519707,0.0118019,0.000105682,0.528895,0.0119747,-0.011089,0.538024,0.0121997,-0.00525926,0.490725,0.0120284,0.00302785,0.481362,0.0120302,1.94029e-05,0.472246,0.0121242,0.000350382,0.549467,0.0229259,0.00327693,0.459023,0.0232146,0.00417356,0.522091,0.0491886,0.00831995,0.487374,0.0492255,0.00204008,0.623873,0.137575,-0.0639795,0.396085,0.140335,-0.0543061,0.653041,0.223877,0.045824,0.40027,0.206995,0.0633257,0.585076,0.180232,0.266513,0.499346,0.180863,0.312333,0.564581,0.169399,0.312981,0.529004,0.176061,0.404551,0.562232,0.152616,0.322314,0.529364,0.162622,0.411141,0.562337,0.158109,0.307667,0.521959,0.167409,0.397877,0.590845,0.42851,-0.0986837,0.433169,0.428184,0.0611985,0.609032,0.656851,-0.249814,0.398976,0.656652,-0.23483,0.629608,0.88435,0.0146659,0.388497,0.871625,0.0780307,0.629969,0.917956,0.0322648,0.395696,0.899505,0.101064,0.632801,0.952013,-0.121285,0.381576,0.950202,-0.0691179
1701700,1,0.515259,0.0225657,0.000948173,0.529016,0.00836739,0.000679369,0.537791,0.00934461,-0.0108488,0.546506,0.0103667,-0.00630175,0.500496,0.00624138,0.00326948,0.490882,0.00549003,-0.000928912,0.481513,0.00485256,0.0001692,0.553272,0.0213173,0.00278613,0.463784,0.0147626,0.00410073,0.52769,0.0460447,0.00758224,0.494113,0.0432381,0.00294841,0.610693,0.133561,-0.0434547,0.394613,0.12907,-0.0477578,0.649052,0.202398,0.0618028,0.406926,0.185244,0.0392895,0.592705,0.168984,0.281032,0.497949,0.166836,0.30342,0.575033,0.161687,0.32655,0.5221,0.161351,0.388942,0.567466,0.14851,0.332952,0.524025,0.150729,0.397124,0.565343,0.154424,0.321479,0.519766,0.156077,0.374932,0.588837,0.42636,-0.0554533,0.425954,0.428196,0.0308764,0.605067,0.662759,-0.22089,0.407509,0.666298,-0.225392,0.624119,0.879712,0.0693519,0.392408,0.87233,0.0727954,0.620601,0.91024,0.0945524,0.396364,0.899639,0.0987585,0.627293,0.949664,-0.051703,0.391898,0.949562,-0.0681084
1735067,1,0.507092,0.0271542,0.000869351,0.522323,0.00865224,0.000268579,0.532228,0.00853831,-0.0113741,0.542075,0.0084666,-0.00590155,0.492376,0.0092952,0.00276142,0.482525,0.00937715,-0.00144038,0.472945,0.0095813,0.000450662,0.554587,0.0170465,0.0028965,0.4604,0.0186296,0.00512066,0.524383,0.0481649,0.00730327,0.489177,0.0489399,0.00332462,0.620787,0.12934,-0.0799722,0.397987,0.133855,-0.0327685,0.633927,0.24449,-0.00891999,0.395492,0.228928,0.0740895,0.604764,0.196488,0.136545,0.412737,0.191106,0.359263,0.593135,0.18522,0.186692,0.415288,0.178469,0.463947,0.59169,0.164624,0.190746,0.412132,0.162989,0.469002,0.583921,0.169813,0.183826,0.419306,0.168934,0.450435,0.593973,0.420309,-0.0882169,0.427911,0.421123,0.0604471,0.607797,0.65845,-0.270628,0.40605,0.661928,-0.214447,0.628286,0.879065,0.0183991,0.396791,0.871834,0.0834986,0.628736,0.911242,0.0356217,0.40133,0.901991,0.100722,0.629912,0.945959,-0.114587,0.393135,0.945258,-0.0719813
1768433,1,0.511663,0.0295524,0.000239304,0.525771,0.0137952,0.000415278,0.534416,0.014262,-0.0109471,0.542999,0.0147638,-0.00647337,0.498522,0.0132122,0.00298206,0.489617,0.0130553,-0.00163509,0.480979,0.0130411,0.000258647,0.553289,0.0250622,0.00381536,0.469153,0.0230803,0.00419262,0.525993,0.0517673,0.00686312,0.494574,0.0510117,0.00319053,0.611555,0.14101,-0.00188642,0.405727,0.13613,0.00933035,0.625566,0.239548,0.0604478,0.398463,0.220251,0.0387591,0.608885,0.191426,0.17162,0.423966,0.17314,0.214447,0.603117,0.178702,0.208329,0.427526,0.156024,0.288478,0.601127,0.162148,0.211183,0.42552,0.146654,0.293821,0.591911,0.167792,0.205501,0.433384,0.153801,0.278568,0.596637,0.422235,-0.0488237,0.434842,0.420718,0.0313163,0.611857,0.662601,-0.262885,0.414751,0.663808,-0.210008,0.636595,0.883453,0.0369146,0.395053,0.873311,0.0738653,0.633421,0.916096,0.0520717,0.394002,0.903446,0.0883977,0.641521,0.947438,-0.110595,0.399655,0.944117,-0.090885
1801800,1,0.512463,0.030712,6.62343e-05,0.528403,0.0141146,0.000531005,0.538,0.0146492,-0.0109878,0.547536,0.0152184,-0.00689062,0.499531,0.0135304,0.00323136,0.490088,0.013434,-0.00259022,0.480903,0.0135205,0.000716964,0.55806,0.026567,0.00358649,0.468358,0.0240673,0.00428812,0.527374,0.0542465,0.00586854,0.494503,0.0534508,0.00370733,0.617348,0.14041,-0.0696285,0.409286,0.143152,0.00878676,0.627217,0.236611,-0.0457618,0.399858,0.225929,0.0972681,0.613018,0.192177,-0.00630138,0.412333,0.184072,0.418499,0.608945,0.180912,0.028719,0.407967,0.166922,0.531487,0.60503,0.163147,0.0280635,0.409179,0.155789,0.539486,0.593728,0.170395,0.0251876,0.420658,0.163464,0.512498,0.603457,0.430713,-0.111154,0.430501,0.429631,0.0740985,0.600227,0.681007,-0.315673,0.41283,0.676089,-0.179857,0.627632,0.902224,-0.0277729,0.395383,0.883761,0.102042,0.629447,0.935672,-0.00814922,0.39915,0.916605,0.110618,0.624584,0.96693,-0.170869,0.383398,0.955481,-0.0754326
1835167,1,0.512049,0.031066,0.000198132,0.527846,0.0134155,0.0012905,0.537499,0.0137981,-0.0103531,0.547085,0.0142128,-0.0066044,0.497912,0.013026,0.00281746,0.488149,0.0129439,-0.00162504,0.478645,0.0130289,0.000378372,0.558706,0.0240401,0.00309218,0.465659,0.0226521,0.00414582,0.527294,0.0540147,0.00664287,0.49403,0.0534923,0.00313581,0.619733,0.134001,-0.123952,0.403791,0.136039,-0.0554881,0.64163,0.215939,-0.065221,0.400527,0.205865,0.0767524,0.595831,0.176015,0.0623087,0.432376,0.179764,0.436267,0.582282,0.164113,0.119034,0.437516,0.168172,0.559117,0.575718,0.149884,0.12146,0.439954,0.156845,0.566774,0.568776,0.157626,0.113071,0.446501,0.163103,0.537607,0.597419,0.432112,-0.106622,0.423566,0.431025,0.069026,0.606442,0.677219,-0.299155,0.4017,0.669604,-0.191031,0.628353,0.897477,0.00724854,0.393472,0.879474,0.103829,0.62677,0.930008,0.0253203,0.397922,0.91065,0.112864,0.632648,0.965277,-0.130113,0.394866,0.956475,-0.0679592
1868533,1,0.522088,0.0272515,-0.000123789,0.53772,0.00895888,0.000813522,0.547844,0.00889033,-0.0113572,0.557912,0.00888196,-0.0062632,0.507839,0.00945726,0.00278327,0.497939,0.00943521,-0.00095341,0.488269,0.00951231,-0.000172756,0.570437,0.0184233,0.00415251,0.475152,0.0191096,0.00411441,0.539845,0.0486525,0.00543568,0.503191,0.0489069,0.00314984,0.630669,0.132496,0.0626143,0.405688,0.136921,0.0779932,0.637497,0.261094,0.103042,0.398862,0.269507,0.0993442,0.614782,0.193384,0.0940262,0.423709,0.19471,0.14577,0.61165,0.175101,0.0738797,0.429772,0.172919,0.148238,0.61646,0.156349,0.0773103,0.420337,0.155556,0.151518,0.606005,0.163727,0.0762399,0.428562,0.162775,0.151877,0.599311,0.422495,-0.0511208,0.441639,0.422621,0.0380668,0.622072,0.665422,-0.288132,0.413026,0.664583,-0.219794,0.640669,0.892552,0.0363339,0.390264,0.873738,0.0831163,0.636435,0.923252,0.0424635,0.394275,0.901952,0.102887,0.645753,0.966596,-0.12685,0.380096,0.949001,-0.0700805
1901899,1,0.532417,0.0296227,-0.000112568,0.545698,0.0141076,0.000673799,0.55444,0.0147157,-0.0102523,0.563133,0.0153548,-0.00700393,0.517399,0.0131851,0.00318736,0.50799,0.0128917,-0.00164466,0.49884,0.0127558,0.000401137,0.569584,0.0255714,0.00336298,0.482294,0.0227914,0.0040331,0.544431,0.0527522,0.00680099,0.512456,0.0514623,0.003231,0.623052,0.135671,-0.0317025,0.409052,0.1374,-0.00612508,0.654846,0.208425,0.0363838,0.400114,0.217233,0.0467509,0.620522,0.174588,0.154825,0.429734,0.18024,0.289235,0.61206,0.164935,0.194382,0.433938,0.165178,0.371352,0.604142,0.152853,0.196167,0.434061,0.155424,0.375921,0.596949,0.159395,0.1908,0.44123,0.161934,0.35555,0.600337,0.422936,-0.0690588,0.432538,0.425037,0.0449335,0.604648,0.671533,-0.288294,0.414943,0.674397,-0.206247,0.626808,0.898453,0.0227458,0.39376,0.888037,0.0808718,0.625159,0.930958,0.0398904,0.394701,0.919011,0.0920658,0.625608,0.964701,-0.128015,0.392471,0.961319,-0.0937999
1935266,1,0.530893,0.0321463,2.02706e-05,0.545455,0.0145042,0.000616455,0.555177,0.0146334,-0.010828,0.564847,0.0148049,-0.00700527,0.515446,0.01465,0.00299836,0.505609,0.0146963,-0.00186497,0.496028,0.0148976,0.000266707,0.574685,0.0243844,0.00335634,0.480661,0.024561,0.00397721,0.54579,0.0543352,0.00637288,0.511336,0.0545569,0.00364925,0.631464,0.136109,-0.0399324,0.41148,0.139477,0.00112563,0.650042,0.227735,0.0214666,0.396455,0.22934,0.049144,0.628166,0.190119,0.118875,0.425788,0.183621,0.289084,0.621654,0.180629,0.156134,0.430966,0.166153,0.37585,0.61603,0.163738,0.156579,0.430969,0.154511,0.383989,0.607042,0.169831,0.152812,0.439678,0.162116,0.362994,0.601637,0.423342,-0.0936489,0.432589,0.42381,0.0623668,0.610823,0.670603,-0.28804,0.406037,0.662602,-0.186186,0.632218,0.900326,0.00256214,0.388157,0.873184,0.0934012,0.629095,0.933017,0.0222882,0.392378,0.904556,0.110521,0.636872,0.972313,-0.143539,0.379447,0.947663,-0.0625365
1968632,1,0.527144,0.0326326,-3.25133e-05,0.542873,0.0141307,0.000880593,0.55253,0.0142748,-0.0107992,0.562138,0.0144564,-0.00670826,0.513511,0.01393,0.00263101,0.503895,0.0136937,-0.00144177,0.494532,0.0135933,0.000396658,0.573439,0.0225527,0.00352762,0.481387,0.0212212,0.00445199,0.54224,0.0541208,0.00598382,0.508471,0.0537395,0.00310549,0.631244,0.129257,-0.0438764,0.410436,0.131994,-0.000652732,0.661297,0.221287,0.00984871,0.399879,0.2298,0.0630464,0.62922,0.183052,0.058767,0.424839,0.185077,0.288561,0.622458,0.173026,0.0834662,0.428223,0.168356,0.36096,0.61518,0.158929,0.0837482,0.426282,0.155766,0.366802,0.606467,0.165379,0.082516,0.434792,0.162957,0.350774,0.596187,0.422635,-0.0704138,0.430575,0.422389,0.0489363,0.616091,0.669939,-0.300752,0.408492,0.667242,-0.202257,0.6382,0.899716,0.0171918,0.388046,0.878752,0.0873729,0.632697,0.934798,0.0268669,0.389893,0.910489,0.10143,0.652921,0.965911,-0.147062,0.386568,0.950988,-0.0806605
2001999,1,0.527068,0.0317197,0.000185242,0.543405,0.0138018,0.000992137,0.553164,0.0141921,-0.010897,0.562864,0.0146295,-0.00621961,0.514383,0.013084,0.0024266,0.504743,0.0126891,-0.00110925,0.495354,0.0124245,0.000306741,0.574067,0.0234974,0.00329261,0.482009,0.0205736,0.00467254,0.54206,0.0534796,0.00666977,0.507659,0.0523844,0.00273085,0.632991,0.127733,-0.0747815,0.41117,0.131748,-0.031527,0.665583,0.211998,0.000621667,0.401743,0.22879,0.0598523,0.625978,0.1769,0.0934099,0.42115,0.186734,0.314104,0.615426,0.168392,0.125088,0.425214,0.172361,0.389641,0.609068,0.154626,0.12654,0.420732,0.157946,0.393142,0.602319,0.159965,0.122841,0.428007,0.164544,0.377643,0.601127,0.421635,-0.0749767,0.441808,0.422177,0.0579439,0.617327,0.660725,-0.277144,0.41114,0.661921,-0.194549,0.637278,0.88232,0.0227771,0.390049,0.869748,0.0916149,0.633964,0.913599,0.0396433,0.394969,0.898403,0.112513,0.643134,0.956028,-0.118101,0.38007,0.948915,-0.0530111
2035367,1,0.535152,0.0289076,-0.000159339,0.548958,0.0123327,0.000910348,0.557888,0.012787,-0.0106014,0.566757,0.0132759,-0.0068277,0.520381,0.0116322,0.00309893,0.510902,0.0113615,-0.00148098,0.501683,0.011243,8.78893e-05,0.574207,0.0226543,0.00316739,0.485737,0.0203739,0.00396297,0.547794,0.0511712,0.00681506,0.51529,0.0501799,0.00313742,0.626992,0.132286,-0.0483648,0.41257,0.132832,-0.0271427,0.650332,0.221007,0.0268681,0.403391,0.226455,0.0252149,0.63018,0.180986,0.156448,0.434116,0.183363,0.257634,0.624985,0.170249,0.202288,0.439427,0.167532,0.337068,0.618482,0.15508,0.203313,0.43877,0.155338,0.342807,0.60933,0.16135,0.197987,0.446306,0.16235,0.324017,0.601451,0.420743,-0.0645924,0.436577,0.421762,0.0418384,0.614094,0.665562,-0.283238,0.409006,0.6664,-0.224433,0.638264,0.895084,0.0214671,0.396274,0.884037,0.0700962,0.635829,0.929444,0.0374508,0.400058,0.915888,0.0819489,0.641613,0.960441,-0.129591,0.390382,0.957864,-0.0995237
2068732,1,0.533197,0.0308959,-0.000927244,0.54903,0.0109514,0.00163264,0.559076,0.011185,-0.0106638,0.569064,0.0114575,-0.00684652,0.518484,0.0106722,0.0025669,0.508395,0.0105021,-0.00152565,0.498558,0.0104946,0.000439263,0.579399,0.0199703,0.0034081,0.484348,0.0186857,0.00412276,0.547799,0.0534092,0.00513901,0.513174,0.0528839,0.00298175,0.632061,0.126104,-0.108093,0.414533,0.1307,-0.0261147,0.642094,0.207626,-0.0498239,0.408342,0.225307,0.0760561,0.621496,0.174807,-0.0288666,0.426867,0.19067,0.40143,0.619127,0.165559,-0.0071208,0.427014,0.174815,0.489249,0.61046,0.151841,-0.0107914,0.425661,0.161568,0.494506,0.600085,0.158071,-0.011839,0.435652,0.16817,0.470503,0.601943,0.422008,-0.0928158,0.432005,0.421251,0.0704707,0.609618,0.665267,-0.33331,0.409615,0.665495,-0.180426,0.625473,0.89856,-0.0143156,0.391952,0.879954,0.0991879,0.624303,0.933141,0.000744173,0.395065,0.913083,0.110716,0.623294,0.967427,-0.165073,0.384965,0.953328,-0.0732943
2102100,1,0.528922,0.0283799,-0.000227551,0.544723,0.00981954,0.00163555,0.554348,0.0100509,-0.0110168,0.563907,0.0103263,-0.00663362,0.51577,0.0095017,0.00273649,0.506227,0.00929648,-0.00133101,0.496934,0.00924075,0.000428139,0.575611,0.0190348,0.00323229,0.485579,0.0172988,0.00422878,0.544458,0.0500945,0.00591019,0.511229,0.049608,0.00314526,0.634285,0.127707,-0.0792654,0.415429,0.127149,-0.0204765,0.651457,0.228139,-0.0414132,0.40507,0.221656,0.0733031,0.634215,0.179572,0.00502884,0.423039,0.184216,0.350978,0.630017,0.165866,0.0367977,0.425862,0.170851,0.441947,0.626634,0.14983,0.0374053,0.422664,0.157209,0.446546,0.615225,0.156626,0.0338846,0.431345,0.163343,0.427346,0.595563,0.422363,-0.081418,0.4289,0.420102,0.0574606,0.612887,0.666404,-0.290151,0.408891,0.664956,-0.180292,0.642999,0.890836,0.0117077,0.389692,0.872917,0.0945849,0.639156,0.925034,0.0249628,0.393668,0.903837,0.113179,0.658545,0.961364,-0.137755,0.383521,0.949807,-0.0614351
2135466,1,0.529764,0.0273485,0.00092981,0.546967,0.0100174,0.000570284,0.556922,0.0105412,-0.0116311,0.566825,0.0111193,-0.00624672,0.517071,0.00883162,0.00258701,0.50722,0.00822362,-0.0010169,0.497624,0.00774848,0.000183729,0.578512,0.0195117,0.0030134,0.483892,0.0150629,0.0048699,0.54504,0.0491486,0.00786458,0.509746,0.047533,0.00297005,0.637281,0.127927,-0.0666014,0.405808,0.126672,-0.038007,0.656045,0.230491,0.0228684,0.388562,0.225942,0.0518515,0.633712,0.184619,0.176038,0.426603,0.189173,0.316134,0.625537,0.173969,0.225368,0.438277,0.178639,0.402015,0.623704,0.15448,0.227503,0.435945,0.161477,0.406262,0.615667,0.15895,0.221102,0.440175,0.166502,0.390722,0.598382,0.422055,-0.0720972,0.436213,0.423413,0.051599,0.613923,0.663962,-0.258666,0.411913,0.666333,-0.207339,0.636428,0.891293,0.0280043,0.394625,0.877786,0.0839583,0.634146,0.924311,0.0451679,0.402176,0.908012,0.106887,0.63871,0.963234,-0.116484,0.381257,0.953342,-0.058045
2168832,1,0.532652,0.0272229,0.000157135,0.548222,0.00927162,0.0012104,0.557847,0.00966728,-0.0105159,0.567405,0.0101101,-0.00654967,0.51882,0.00853187,0.00255057,0.509039,0.00812185,-0.000700342,0.499509,0.00783888,0.000239339,0.577329,0.0189921,0.00276082,0.484521,0.0161276,0.00413706,0.546985,0.0491003,0.00654725,0.5123,0.0479353,0.0026162,0.631296,0.124289,-0.0965919,0.409156,0.12546,-0.0720911,0.656707,0.198888,0.0130432,0.400559,0.215506,0.019428,0.622871,0.166326,0.16278,0.447067,0.178015,0.293491,0.614777,0.157695,0.205674,0.460463,0.164773,0.370764,0.606797,0.144921,0.206226,0.458153,0.150699,0.374801,0.600096,0.15008,0.19835,0.461899,0.157163,0.356228,0.592886,0.418334,-0.0532043,0.432383,0.419461,0.0413967,0.617115,0.656817,-0.282122,0.40797,0.662142,-0.204391,0.643025,0.886725,0.0366574,0.386856,0.875453,0.0770893,0.639932,0.919777,0.0516434,0.389516,0.903878,0.0968384,0.6484,0.957619,-0.113637,0.386526,0.955459,-0.0690147
2202200,1,0.531538,0.0280923,-0.00015119,0.550175,0.0108176,0.00144999,0.56021,0.0115621,-0.0108657,0.570191,0.0123632,-0.00669612,0.520136,0.00920284,0.00247239,0.510476,0.00861308,-0.00167104,0.501056,0.00817236,0.000266829,0.582403,0.0221369,0.00403511,0.488093,0.0166394,0.00371839,0.54591,0.0515945,0.00603033,0.511691,0.0494224,0.00244372,0.635407,0.129243,-0.061808,0.413548,0.130316,0.00528302,0.651206,0.206106,-0.0402707,0.393868,0.221663,0.0826403,0.617243,0.166386,0.0110851,0.45669,0.182614,0.338596,0.609618,0.155037,0.0419323,0.474508,0.169446,0.4193,0.603497,0.142175,0.0438431,0.475354,0.154537,0.426929,0.595322,0.148128,0.0388284,0.478073,0.160737,0.407399,0.604875,0.42254,-0.0925322,0.439097,0.42274,0.0663442,0.61044,0.665156,-0.277013,0.412351,0.663192,-0.166949,0.631047,0.891353,0.0107576,0.388021,0.870013,0.115473,0.627238,0.924967,0.0288376,0.394606,0.901819,0.132631,0.641885,0.964056,-0.129912,0.370959,0.944237,-0.039412
2235567,1,0.514481,0.0298814,-0.00104128,0.533876,0.0119713,0.0024846,0.543898,0.0126896,-0.00961526,0.553843,0.0134822,-0.00649009,0.50582,0.0104689,0.00173169,0.496794,0.00995824,-0.00242596,0.488001,0.009628,0.000160887,0.569095,0.0236906,0.00421484,0.480765,0.0184684,0.00260634,0.53027,0.0533163,0.00436443,0.497985,0.0512897,0.00151131,0.628916,0.125409,-0.135639,0.41059,0.129691,-0.00626437,0.616463,0.211221,-0.151735,0.397001,0.216029,0.139437,0.51379,0.172059,-0.132032,0.443244,0.188625,0.458163,0.488928,0.159236,-0.114895,0.456499,0.177759,0.550103,0.489858,0.146729,-0.111867,0.450513,0.162261,0.555356,0.489578,0.153487,-0.120253,0.455074,0.166909,0.53162,0.592074,0.422722,-0.116103,0.424925,0.422921,0.0890032,0.597108,0.669405,-0.300352,0.413305,0.66554,-0.0970199,0.623714,0.892859,-0.0253888,0.395423,0.86714,0.154987,0.625037,0.924067,-0.00414752,0.404205,0.898038,0.170198,0.626446,0.970635,-0.155769,0.374154,0.943125,0.00482944
2268933,1,0.52526,0.0303704,7.36738e-05,0.543294,0.0135734,0.00165323,0.553047,0.0142261,-0.0109649,0.562757,0.0149382,-0.00637677,0.514376,0.0122477,0.00208503,0.50497,0.0116546,-0.00159633,0.495793,0.0111949,7.49699e-05,0.575152,0.0242734,0.0040452,0.483571,0.0192234,0.00376276,0.540187,0.0528114,0.00568218,0.506323,0.0508288,0.00216714,0.63263,0.130774,-0.00639593,0.407995,0.131335,0.0418129,0.657914,0.230489,9.12523e-05,0.391629,0.239745,0.0964614,0.616665,0.179996,-0.0135592,0.440242,0.19113,0.26081,0.607411,0.16556,-0.0114566,0.454501,0.176732,0.313186,0.606092,0.151264,-0.00954868,0.451411,0.160319,0.317971,0.598246,0.157622,-0.00887288,0.455605,0.165795,0.309113,0.599066,0.417301,-0.0813402,0.437971,0.417906,0.0588814,0.612446,0.660748,-0.270797,0.414241,0.659544,-0.183178,0.63784,0.884546,0.0131823,0.389435,0.865343,0.0997139,0.636265,0.915785,0.0254331,0.395589,0.896086,0.119328,0.640177,0.959945,-0.136359,0.369516,0.937878,-0.0497785
2302299,1,0.52701,0.0256392,-0.000997948,0.545469,0.00778484,0.0020148,0.555264,0.00858778,-0.0104787,0.564991,0.00943139,-0.00722883,0.516021,0.006143,0.00236954,0.506681,0.0056681,-0.00214186,0.497586,0.00537726,0.000252526,0.576812,0.01982,0.00354434,0.48567,0.0143027,0.00359813,0.540402,0.0492893,0.00471531,0.507927,0.0471922,0.00310676,0.626803,0.12675,-0.103842,0.415853,0.126833,-0.0147101,0.64316,0.207325,-0.0795543,0.398149,0.214191,0.0662873,0.629347,0.178677,-0.0874552,0.433698,0.178258,0.369614,0.627015,0.17166,-0.0558115,0.439487,0.162458,0.46572,0.615854,0.157148,-0.0580113,0.441991,0.151441,0.475793,0.604663,0.163458,-0.0595615,0.451224,0.158918,0.449599,0.604031,0.420079,-0.105991,0.432556,0.418461,0.0742176,0.609955,0.668945,-0.311622,0.408871,0.661316,-0.150246,0.63531,0.898091,-0.0133412,0.391041,0.87276,0.117388,0.632931,0.932834,0.000512522,0.395275,0.90665,0.125778,0.645094,0.968058,-0.162713,0.382115,0.946915,-0.054865
2335667,1,0.525967,0.027002,0.00085929,0.543862,0.0106897,0.00117357,0.553602,0.0115593,-0.0113133,0.563273,0.0125011,-0.00605324,0.514184,0.00847623,0.00290658,0.50452,0.00754708,-0.000966178,0.495082,0.00674263,0.000708957,0.574593,0.0214505,0.00379574,0.48102,0.014487,0.00358043,0.540408,0.0497247,0.00734772,0.505522,0.0468295,0.00158473,0.636388,0.1255,-0.0753716,0.407336,0.123066,-0.0567446,0.656544,0.208177,0.0164631,0.418403,0.200292,0.0470796,0.587169,0.163554,0.193776,0.541293,0.166069,0.31819,0.569055,0.150047,0.239923,0.577476,0.157877,0.413271,0.567708,0.135471,0.248585,0.574135,0.143202,0.422997,0.566973,0.141332,0.234834,0.565369,0.14931,0.404472,0.597793,0.420357,-0.0802663,0.434187,0.420457,0.0546782,0.608563,0.667246,-0.264639,0.407985,0.662852,-0.207769,0.629704,0.903001,0.0169906,0.391656,0.877715,0.0988407,0.627748,0.936979,0.0336158,0.398618,0.906455,0.117187,0.633499,0.977713,-0.137113,0.385471,0.956883,-0.0538978
2369033,1,0.52575,0.0280109,0.000277654,0.541894,0.0117967,0.00162355,0.551536,0.0124317,-0.0109751,0.561108,0.0131214,-0.00631484,0.512377,0.0100775,0.00284084,0.50251,0.00925222,-0.000491883,0.492881,0.00853622,0.000369392,0.5718,0.0219656,0.00364079,0.476869,0.0163562,0.00313728,0.540386,0.0502498,0.0064555,0.504923,0.0478007,0.00122179,0.633666,0.123648,-0.0253679,0.401327,0.123738,-0.0332401,0.669253,0.204288,0.0491283,0.41526,0.211753,0.0199758,0.603091,0.157036,0.18557,0.542696,0.169901,0.18332,0.587523,0.14418,0.198916,0.581013,0.161552,0.232398,0.58466,0.132506,0.207103,0.574694,0.145928,0.238831,0.582735,0.138293,0.198092,0.566399,0.151037,0.22734,0.595411,0.416826,-0.0456861,0.435439,0.419092,0.0339014,0.616621,0.65794,-0.244075,0.406535,0.657933,-0.213867,0.639957,0.889571,0.0499222,0.391848,0.873257,0.0771053,0.636621,0.921507,0.0609883,0.399771,0.900672,0.0985486,0.647618,0.963741,-0.108991,0.382217,0.952001,-0.0693481
2402400,1,0.527025,0.0272315,-0.000574864,0.543444,0.00891152,0.00158358,0.552842,0.00934604,-0.0108355,0.562173,0.00981691,-0.00703017,0.514875,0.00812784,0.00260212,0.505629,0.00779787,-0.00164547,0.496643,0.00761703,0.000407932,0.573327,0.0191112,0.00360155,0.484861,0.0160618,0.00411092,0.541199,0.0494883,0.00562676,0.508655,0.048429,0.00321125,0.625771,0.126714,-0.0934972,0.415951,0.126905,-0.0351622,0.6478,0.207761,-0.0290991,0.400385,0.217347,0.0416431,0.628836,0.177598,0.0299704,0.424821,0.181894,0.305085,0.624463,0.170598,0.0674379,0.428042,0.166912,0.389763,0.614832,0.156653,0.0657862,0.427629,0.155672,0.396385,0.605706,0.161956,0.0630587,0.436312,0.16255,0.375593,0.596467,0.421148,-0.0727061,0.434642,0.419769,0.0545401,0.608855,0.663467,-0.292364,0.411437,0.662545,-0.179286,0.630368,0.894229,0.0137172,0.392787,0.875493,0.0936091,0.626955,0.9289,0.0263797,0.393675,0.905854,0.107023,0.638046,0.962515,-0.137524,0.395334,0.953255,-0.0683633
2435767,1,0.524416,0.0291161,0.000161118,0.539109,0.0116305,0.00179033,0.548694,0.0120507,-0.0111101,0.558205,0.0125226,-0.00632061,0.509583,0.0101548,0.00295547,0.4996,0.00943294,-0.000453765,0.489831,0.0088219,0.000256798,0.567712,0.0207651,0.00405803,0.473192,0.0165663,0.00229622,0.538716,0.0512449,0.0057468,0.503574,0.0492522,0.00113656,0.625003,0.123029,-0.0466859,0.400484,0.123729,-0.0323734,0.633229,0.196737,0.0169488,0.422618,0.205383,0.0382507,0.574236,0.140685,0.142631,0.565427,0.167921,0.239942,0.562543,0.123907,0.153132,0.606919,0.160098,0.286766,0.56289,0.112876,0.15981,0.603931,0.14374,0.293182,0.559571,0.120119,0.151552,0.594084,0.148935,0.276069,0.595762,0.423643,-0.0476461,0.435507,0.425627,0.0368639,0.617942,0.658989,-0.261496,0.402935,0.660124,-0.220002,0.632895,0.888773,0.0499738,0.388297,0.870636,0.0833687,0.626256,0.921278,0.0670272,0.396489,0.899428,0.107055,0.649985,0.963401,-0.0970804,0.373844,0.947903,-0.0636552
2469133,1,0.52718,0.0301386,-0.00025415,0.54149,0.013112,0.00128688,0.550794,0.0134984,-0.0108577,0.560042,0.0139248,-0.00703268,0.512807,0.0125661,0.00311809,0.503359,0.0123244,-0.00191707,0.494163,0.0122238,0.000681184,0.569697,0.0231981,0.0033041,0.480483,0.0212409,0.00384643,0.541795,0.0525137,0.00577393,0.50876,0.0516436,0.00283149,0.625653,0.134473,-0.0429647,0.408513,0.13234,-0.00542586,0.640159,0.234179,0.00347323,0.400317,0.226656,0.0551534,0.615437,0.183538,0.0786596,0.441846,0.186485,0.283577,0.610483,0.168529,0.100548,0.451819,0.17189,0.35985,0.607355,0.153576,0.101906,0.450429,0.15903,0.364071,0.597536,0.160594,0.0986935,0.456403,0.164602,0.347454,0.594128,0.419216,-0.0785908,0.429267,0.418637,0.054953,0.603989,0.66364,-0.302943,0.410427,0.664453,-0.200175,0.627761,0.895658,0.00384539,0.390952,0.878088,0.0815087,0.626376,0.929153,0.0166326,0.392799,0.907657,0.0982175,0.629821,0.966115,-0.153058,0.391727,0.956199,-0.0841214
2502500,1,0.525099,0.0297472,-0.000145608,0.540172,0.0121015,0.00161393,0.549181,0.0124957,-0.0109597,0.558118,0.0129404,-0.0065701,0.511672,0.0109808,0.00244243,0.502308,0.0103137,-0.000603944,0.4932,0.00976315,0.00024643,0.567424,0.0206322,0.00349658,0.478542,0.0167993,0.00347962,0.53864,0.0510243,0.00669294,0.50551,0.049372,0.00167266,0.623155,0.125163,-0.0497247,0.404753,0.125549,-0.0396243,0.653369,0.192962,0.0407471,0.402695,0.215716,0.0058407,0.621425,0.149495,0.149886,0.470927,0.174651,0.204535,0.614633,0.137643,0.174424,0.49181,0.162354,0.257815,0.608364,0.124972,0.177769,0.487179,0.148854,0.263272,0.602677,0.13024,0.173041,0.487009,0.154167,0.249568,0.595264,0.419411,-0.02667,0.440711,0.420376,0.0228402,0.611819,0.658433,-0.256407,0.414192,0.66263,-0.215248,0.634425,0.89184,0.0539746,0.390996,0.878742,0.0673321,0.63208,0.924946,0.0676285,0.39257,0.906355,0.0860711,0.632198,0.961564,-0.101641,0.391251,0.957571,-0.0818411
2535867,1,0.52459,0.0299304,-0.00111097,0.539368,0.0108012,0.0011237,0.548956,0.0110212,-0.0102677,0.558488,0.0112685,-0.00746459,0.509673,0.0105189,0.00333053,0.499803,0.0103882,-0.00206018,0.490196,0.0104238,0.000713341,0.568967,0.0202396,0.00351389,0.476443,0.0192092,0.00391545,0.539341,0.0522985,0.00545421,0.50593,0.0519128,0.00334654,0.622405,0.130328,-0.0886929,0.410449,0.128158,-0.0269937,0.636091,0.221086,-0.0406424,0.396889,0.210192,0.0414412,0.62177,0.188456,0.0299319,0.408486,0.179383,0.296762,0.618459,0.179347,0.0687954,0.405751,0.164825,0.376228,0.610562,0.164322,0.068317,0.406264,0.154462,0.382218,0.599848,0.171071,0.065263,0.417703,0.161242,0.360004,0.600684,0.422886,-0.0732802,0.431182,0.421956,0.0499889,0.605895,0.6729,-0.310697,0.414246,0.672266,-0.199538,0.624137,0.902483,0.0102418,0.39729,0.885268,0.0854966,0.620184,0.937209,0.0212099,0.397658,0.918025,0.0959027,0.633072,0.969063,-0.147678,0.399492,0.958027,-0.0921247
2569233,1,0.520851,0.0332142,-0.000219118,0.536672,0.015822,0.00194241,0.546333,0.0163495,-0.0107366,0.555917,0.0169291,-0.00653193,0.50707,0.0144551,0.00302058,0.497137,0.0137687,-0.000351148,0.487442,0.013203,0.000433826,0.566536,0.0253818,0.00306025,0.471932,0.0208812,0.00293557,0.535703,0.0550539,0.00612663,0.500333,0.0530395,0.00137576,0.624578,0.12771,-0.0860058,0.398117,0.123123,-0.0902273,0.655816,0.208374,0.0308031,0.410921,0.204202,-0.0249464,0.608369,0.169123,0.173328,0.521646,0.173119,0.166648,0.596443,0.159161,0.204153,0.554013,0.166238,0.21966,0.589727,0.145444,0.209085,0.549258,0.151727,0.224718,0.585911,0.150512,0.201057,0.543825,0.156395,0.2098,0.591631,0.419662,-0.0244862,0.430973,0.421511,0.0210105,0.618402,0.656445,-0.260134,0.405556,0.66407,-0.226132,0.639631,0.887147,0.0631727,0.389544,0.879771,0.0646167,0.636621,0.918333,0.0730754,0.394157,0.906113,0.0857715,0.638403,0.962966,-0.0921602,0.388899,0.962837,-0.0787728
2602600,1,0.522065,0.0313088,-0.000101987,0.538369,0.013694,0.000638155,0.548403,0.0138103,-0.0113048,0.558388,0.0139828,-0.00628047,0.509278,0.0137064,0.00298763,0.499642,0.0134908,-0.00083127,0.490257,0.0133792,0.000571839,0.571866,0.0231066,0.00384624,0.478111,0.0221723,0.00444573,0.539674,0.0522325,0.0064386,0.503329,0.0519185,0.00266785,0.633645,0.132339,0.0201682,0.406972,0.13316,0.0275742,0.655822,0.248132,0.0886214,0.392632,0.245452,0.0543738,0.620169,0.192011,0.149228,0.410165,0.196459,0.140998,0.611349,0.177609,0.146878,0.413518,0.181441,0.163027,0.612772,0.160371,0.151789,0.406428,0.166488,0.164242,0.605196,0.166287,0.149758,0.414375,0.171714,0.161471,0.597782,0.415055,-0.0308606,0.441171,0.416031,0.0269171,0.618043,0.656705,-0.271404,0.410458,0.661798,-0.24132,0.637179,0.881958,0.0472978,0.39116,0.87705,0.0596661,0.636058,0.911512,0.0572922,0.394832,0.903723,0.0808491,0.63091,0.955783,-0.110721,0.386562,0.956113,-0.0935937
2635967,1,0.524778,0.0290556,-0.000280602,0.539541,0.0134765,0.00168483,0.54842,0.014388,-0.0110258,0.557235,0.0153562,-0.00680141,0.511396,0.0109842,0.00332144,0.501969,0.0099192,-0.000510424,0.492769,0.00896436,0.000592558,0.565631,0.0248462,0.00359069,0.47715,0.0171857,0.00215123,0.537722,0.0522896,0.00588898,0.504457,0.0488649,0.00102483,0.619248,0.127978,-0.0307246,0.397574,0.124033,-0.0370159,0.6411,0.183877,0.051299,0.420779,0.197648,0.00155661,0.596683,0.130164,0.161394,0.54509,0.165106,0.189677,0.587076,0.115468,0.163449,0.582836,0.159196,0.234843,0.585139,0.105255,0.170909,0.577953,0.145438,0.239545,0.581156,0.111375,0.164242,0.570107,0.149234,0.222766,0.588628,0.424564,-0.0192055,0.430883,0.425189,0.0176744,0.599276,0.660079,-0.265032,0.414501,0.667497,-0.21726,0.619696,0.892935,0.0510222,0.401764,0.881499,0.0672019,0.617255,0.925448,0.0683912,0.407012,0.909732,0.0929624,0.619616,0.965102,-0.101432,0.392726,0.957503,-0.0798313
2669333,1,0.519067,0.0317182,-6.1912e-05,0.534384,0.0135827,0.00115722,0.544108,0.0137423,-0.0112686,0.553773,0.0139573,-0.00631983,0.505511,0.0135133,0.00306386,0.496004,0.0133596,-0.00127452,0.486742,0.0133265,0.000572103,0.565961,0.0228298,0.00338494,0.47499,0.0220545,0.00401701,0.535777,0.0533553,0.00550429,0.501352,0.0530678,0.00277532,0.627773,0.136467,-0.0299005,0.404416,0.134813,-0.00264632,0.640051,0.25271,0.0345833,0.398219,0.245758,0.0505419,0.614367,0.204838,0.0834073,0.433609,0.198578,0.204071,0.607386,0.191109,0.0932428,0.442022,0.18257,0.252928,0.609157,0.172612,0.0951322,0.436266,0.167383,0.255244,0.600711,0.178137,0.0926028,0.442667,0.173385,0.245453,0.593053,0.423218,-0.0555603,0.43128,0.422935,0.0427065,0.61416,0.66413,-0.288388,0.407816,0.666959,-0.21658,0.64063,0.889148,0.0303619,0.390112,0.88053,0.0774182,0.639292,0.920457,0.0408762,0.392735,0.90834,0.0967529,0.640896,0.960753,-0.123995,0.392136,0.959583,-0.077895
2702700,1,0.520716,0.0317733,-0.000149248,0.536675,0.0156401,0.0019724,0.545904,0.0164239,-0.0107318,0.555062,0.0172582,-0.00667191,0.508056,0.0137401,0.00257238,0.498712,0.0129862,-0.000970545,0.489612,0.0123623,0.000279967,0.564705,0.0261589,0.00331753,0.474854,0.0201228,0.00330671,0.533754,0.0543518,0.00595889,0.500939,0.0517487,0.00179188,0.620515,0.127999,-0.0653477,0.401352,0.127188,-0.0335092,0.649213,0.199387,0.00704094,0.410861,0.209475,0.0348502,0.611874,0.164111,0.0979797,0.513892,0.173456,0.284128,0.60385,0.155792,0.120424,0.543831,0.164118,0.355937,0.596325,0.143214,0.12323,0.541808,0.150018,0.364832,0.590458,0.148388,0.116878,0.538198,0.155656,0.345123,0.592347,0.418393,-0.0756249,0.43204,0.4202,0.0550472,0.61142,0.654913,-0.267245,0.41173,0.657505,-0.177044,0.636109,0.884514,0.0191192,0.398285,0.868086,0.0918415,0.633402,0.918017,0.0335848,0.40573,0.898334,0.111254,0.643753,0.9562,-0.128756,0.386166,0.942859,-0.0573414
2736067,1,0.518402,0.034298,-0.00051781,0.5356,0.0159584,0.00080652,0.545868,0.0162655,-0.0105958,0.556092,0.0166196,-0.00662445,0.505843,0.0154412,0.00295419,0.495996,0.015128,-0.00123566,0.486395,0.0149438,0.000639672,0.570052,0.0257598,0.00333433,0.474738,0.0234248,0.00411731,0.535653,0.0559615,0.00583539,0.499751,0.0551298,0.0028972,0.627673,0.132266,-0.0529473,0.405023,0.129639,-0.0055751,0.65007,0.244457,0.0040262,0.388164,0.226949,0.0517938,0.620795,0.19789,0.0625767,0.405628,0.188323,0.226856,0.612588,0.187057,0.0765465,0.406957,0.175118,0.271758,0.610122,0.167941,0.0787999,0.404825,0.161387,0.275506,0.601525,0.17418,0.0760408,0.413915,0.167171,0.264238,0.59604,0.416065,-0.0603408,0.433673,0.416671,0.0481934,0.61389,0.652415,-0.300778,0.410982,0.657991,-0.216237,0.63272,0.875024,0.0199761,0.39426,0.867181,0.0748444,0.631652,0.905928,0.0301208,0.39861,0.895809,0.0916351,0.630979,0.947206,-0.131837,0.388813,0.943897,-0.0838403
2769433,1,0.518628,0.0317757,0.000654334,0.535859,0.0137586,0.000967791,0.545709,0.0142353,-0.0108321,0.555498,0.0147769,-0.0062775,0.506381,0.0127511,0.00225674,0.49671,0.0122102,-0.000791358,0.487293,0.0117914,0.000328725,0.567121,0.0232336,0.00264932,0.473968,0.0193664,0.00436581,0.533725,0.0532559,0.00675617,0.498576,0.051774,0.00241661,0.627247,0.12776,-0.142829,0.396326,0.128863,-0.121713,0.654235,0.222163,-0.0115573,0.388734,0.232987,-0.00997497,0.625252,0.187008,0.158451,0.432047,0.195036,0.299252,0.615525,0.179997,0.212278,0.445937,0.184051,0.392163,0.610444,0.160784,0.213096,0.440453,0.166638,0.395624,0.604671,0.164115,0.206546,0.44309,0.172136,0.378473,0.588058,0.422666,-0.065549,0.431011,0.424722,0.0528524,0.606916,0.657975,-0.256426,0.408021,0.659943,-0.188366,0.637833,0.879462,0.0400857,0.396054,0.866472,0.0948717,0.637874,0.910907,0.0591053,0.403293,0.894408,0.122554,0.6357,0.952399,-0.0944346,0.390073,0.943947,-0.0149949
2802800,1,0.531018,0.0352452,-0.00073474,0.541455,0.0206052,0.000406365,0.549618,0.0210854,-0.0103547,0.557731,0.0216083,-0.00601312,0.514515,0.0196442,0.0030245,0.505213,0.0192313,-0.000936144,0.496182,0.0189461,0.000122034,0.562789,0.0306624,0.00374033,0.478134,0.0283497,0.00355275,0.54332,0.0564226,0.00742524,0.511089,0.055045,0.00254225,0.616845,0.141957,0.0447002,0.403648,0.131312,0.0022417,0.645172,0.239837,0.134594,0.398711,0.218594,-0.0110762,0.612827,0.182849,0.304845,0.447436,0.1596,0.0447076,0.604763,0.167717,0.332571,0.459781,0.14158,0.0687167,0.603691,0.152441,0.341704,0.452878,0.13258,0.0708316,0.596475,0.158691,0.332238,0.457126,0.140395,0.0653031,0.592119,0.421613,0.00361691,0.435148,0.421565,7.39632e-05,0.615517,0.656553,-0.265524,0.413906,0.658754,-0.218104,0.63486,0.888076,0.0645588,0.393829,0.871367,0.0516094,0.630183,0.921078,0.0721657,0.39498,0.899907,0.0746448,0.637102,0.957234,-0.110215,0.390588,0.943881,-0.0941985
2836166,1,0.519948,0.0379897,0.000197114,0.533856,0.0206806,0.000454689,0.54305,0.0210138,-0.0110131,0.552188,0.0213889,-0.006566,0.504582,0.0200117,0.00307516,0.494801,0.0196181,-0.00141286,0.48529,0.0193681,0.000331857,0.561355,0.0295797,0.00350392,0.469372,0.0274235,0.0039711,0.534211,0.0595092,0.00676174,0.500502,0.058483,0.00260442,0.620488,0.138107,-0.049543,0.398085,0.134961,-0.0478042,0.640679,0.23383,0.0479532,0.403955,0.225355,0.001249,0.615932,0.192564,0.221279,0.457639,0.186691,0.200894,0.608393,0.183052,0.269885,0.471921,0.173319,0.273417,0.602546,0.164982,0.272899,0.467824,0.160098,0.278216,0.594831,0.169682,0.265116,0.471364,0.166262,0.262762,0.59555,0.4274,-0.0410194,0.430962,0.429135,0.0256304,0.612486,0.666861,-0.276366,0.414427,0.668619,-0.221439,0.627156,0.899155,0.0433618,0.397669,0.881513,0.0700935,0.621203,0.934172,0.0540654,0.398441,0.912358,0.0878832,0.634375,0.964051,-0.124886,0.401331,0.951734,-0.0897255
2869532,1,0.514221,0.036213,0.000353019,0.530333,0.015952,0.000880989,0.540648,0.0157356,-0.0111674,0.550907,0.0155717,-0.00655278,0.499781,0.0163277,0.00281532,0.489836,0.0161293,-0.00144853,0.480139,0.0160514,0.000158134,0.564779,0.0224531,0.00336782,0.467956,0.0229101,0.00334947,0.532171,0.0571155,0.00537574,0.496371,0.057316,0.00270616,0.630584,0.131222,-0.02978,0.39782,0.132461,0.0125395,0.643569,0.252707,0.0330783,0.398291,0.241493,0.0724006,0.617651,0.199415,0.067052,0.48004,0.193085,0.280006,0.612301,0.185703,0.0686318,0.502587,0.1794,0.325756,0.613492,0.165643,0.0677496,0.498437,0.162371,0.332893,0.604207,0.171216,0.0645866,0.499915,0.167863,0.320521,0.591913,0.425524,-0.0985629,0.427669,0.425166,0.072289,0.606841,0.672368,-0.320457,0.406996,0.663427,-0.181087,0.63589,0.898883,-0.0169836,0.391362,0.871985,0.100364,0.635571,0.930881,-0.00338129,0.397731,0.90199,0.122945,0.639643,0.971838,-0.175883,0.380739,0.946936,-0.0487154
2902899,1,0.517379,0.0294583,-0.000208226,0.532106,0.0144978,0.00135825,0.540771,0.0153454,-0.0109006,0.549369,0.0162227,-0.00661317,0.504234,0.0126514,0.00297609,0.495152,0.0120617,-0.00137945,0.486316,0.0116233,-2.34636e-05,0.558092,0.0262848,0.00365791,0.471634,0.0207134,0.00341834,0.529883,0.0524571,0.00650647,0.498544,0.0501653,0.00248504,0.612393,0.136885,-0.0379681,0.403896,0.13085,-0.0218774,0.63901,0.221105,0.0288904,0.407115,0.206944,0.0262348,0.614453,0.17974,0.149963,0.487755,0.176547,0.243084,0.608286,0.169338,0.188378,0.507689,0.165493,0.325848,0.601427,0.154725,0.190318,0.508525,0.155067,0.333427,0.593119,0.160995,0.18484,0.508988,0.161554,0.313672,0.594987,0.425502,-0.0617351,0.430895,0.426135,0.0376035,0.611349,0.665907,-0.26671,0.41088,0.668107,-0.208889,0.634929,0.896564,0.0333147,0.396489,0.880964,0.0756197,0.629435,0.93209,0.0513409,0.400002,0.912682,0.093279,0.649285,0.962089,-0.114418,0.39195,0.953194,-0.0877879
2936267,1,0.511321,0.0356736,-0.000618358,0.528832,0.0172168,0.00096918,0.539107,0.0173671,-0.0104451,0.549334,0.0175599,-0.00700539,0.498752,0.0171996,0.00271468,0.489136,0.0170646,-0.00177076,0.47977,0.0170853,0.000464231,0.564826,0.0267987,0.00381283,0.469815,0.0257021,0.00322953,0.529504,0.0580286,0.00481657,0.49469,0.0576744,0.00263004,0.628758,0.137446,-0.0133935,0.403427,0.135223,0.0566873,0.643827,0.256615,-0.00235733,0.387875,0.234641,0.106025,0.613538,0.198544,-0.0411467,0.433237,0.188093,0.294633,0.608372,0.182175,-0.0569502,0.442182,0.17218,0.332907,0.606777,0.164484,-0.0566348,0.443584,0.158611,0.340052,0.595979,0.172999,-0.0556228,0.450783,0.164454,0.328023,0.598297,0.422705,-0.0987764,0.428424,0.420729,0.0720105,0.610866,0.668526,-0.338624,0.410447,0.66216,-0.18822,0.636127,0.895508,-0.0283204,0.391263,0.870476,0.0985465,0.636203,0.927651,-0.0197217,0.395776,0.901382,0.114715,0.635122,0.967408,-0.194473,0.382934,0.944281,-0.0750056
2969633,1,0.52099,0.0294191,-0.000217379,0.53701,0.0145771,0.0015142,0.546171,0.0156991,-0.0109383,0.555262,0.0168753,-0.00661604,0.508204,0.0118438,0.00306212,0.498675,0.0108413,-0.000485939,0.489382,0.00995833,0.000179539,0.563822,0.0268621,0.00328689,0.473448,0.0183116,0.00298203,0.533415,0.0530451,0.00641061,0.499975,0.0493598,0.00147656,0.620476,0.131063,-0.0686257,0.394822,0.126221,-0.0609958,0.646985,0.212444,0.0238864,0.406306,0.209894,0.00598849,0.608363,0.161199,0.163297,0.525068,0.170958,0.238632,0.599825,0.147924,0.193173,0.55935,0.161797,0.307131,0.594307,0.133217,0.199632,0.557207,0.146813,0.31595,0.588319,0.139534,0.19071,0.551099,0.152703,0.298534,0.590828,0.423372,-0.0642882,0.429514,0.424613,0.0436467,0.613648,0.661842,-0.264331,0.40784,0.663798,-0.194996,0.63469,0.896955,0.0244832,0.395669,0.877671,0.0800622,0.629121,0.931541,0.0407521,0.403654,0.907802,0.103701,0.647383,0.969655,-0.124862,0.383674,0.953626,-0.0621385
3002999,1,0.518491,0.0310671,0.000147011,0.53409,0.0150311,0.00132192,0.543539,0.0157084,-0.0110163,0.552929,0.0164348,-0.00668542,0.505198,0.0136754,0.00328657,0.495746,0.0131365,-0.00115215,0.486539,0.0127271,0.000528026,0.563996,0.025897,0.00331466,0.473284,0.021333,0.00351494,0.53362,0.0537838,0.00611339,0.499968,0.0518514,0.00245324,0.624327,0.136636,-0.0469326,0.398941,0.132373,-0.0209511,0.638261,0.241252,0.0143475,0.394891,0.226542,0.0431262,0.610368,0.18819,0.117845,0.469197,0.186438,0.239228,0.602718,0.173238,0.142927,0.489496,0.174208,0.303602,0.601358,0.156518,0.145371,0.487595,0.158526,0.308932,0.593152,0.162976,0.140776,0.488282,0.164267,0.294543,0.593244,0.42308,-0.0690377,0.428117,0.423474,0.0471002,0.614153,0.66103,-0.271038,0.404967,0.663423,-0.217325,0.638254,0.885585,0.0273779,0.392504,0.87535,0.076765,0.635683,0.91789,0.0432489,0.39784,0.90434,0.0978406,0.644085,0.957114,-0.115201,0.389069,0.953066,-0.076087
3036366,1,0.524672,0.032034,-0.000166199,0.539829,0.0156291,0.00107825,0.549139,0.016131,-0.0113067,0.558391,0.0166744,-0.00654208,0.511024,0.0144846,0.00314778,0.501593,0.0139298,-0.00125727,0.492414,0.0135061,0.000382188,0.568295,0.0250132,0.00402566,0.477496,0.0211609,0.0037705,0.538928,0.0537246,0.00648185,0.505432,0.052082,0.00265811,0.624535,0.134191,0.00195164,0.404392,0.129753,0.0104495,0.642519,0.236302,0.071485,0.396331,0.224308,0.0383838,0.610739,0.18542,0.190519,0.475843,0.183332,0.18348,0.603669,0.171434,0.212283,0.49696,0.169766,0.237753,0.601661,0.155856,0.216469,0.494583,0.156323,0.243502,0.593969,0.162626,0.210667,0.495342,0.162607,0.23189,0.595714,0.419967,-0.045655,0.43337,0.421289,0.0302139,0.616834,0.660993,-0.282031,0.41476,0.663097,-0.210602,0.63589,0.898344,0.0333354,0.395039,0.87856,0.0695431,0.629732,0.933803,0.0444685,0.3968,0.909009,0.0909639,0.648054,0.966257,-0.138378,0.394712,0.951309,-0.0925851
3069732,1,0.51775,0.0301019,-0.000682537,0.533767,0.0142551,0.00132534,0.542649,0.0151384,-0.010386,0.551471,0.0160637,-0.00710208,0.506224,0.0124881,0.0028386,0.497159,0.0118958,-0.00155621,0.488342,0.0114516,0.000328408,0.562018,0.0265785,0.00312617,0.476119,0.0206666,0.0038401,0.531222,0.0529887,0.00630175,0.499576,0.050638,0.0026812,0.614797,0.135616,-0.0862334,0.403648,0.126449,-0.0530084,0.64096,0.230699,-0.0286342,0.387957,0.206456,0.0112058,0.621282,0.188763,0.0848653,0.41592,0.180073,0.227566,0.615016,0.177783,0.133496,0.421565,0.169495,0.31023,0.607794,0.161843,0.136906,0.421813,0.158916,0.314969,0.597781,0.167964,0.130844,0.429244,0.16424,0.297625,0.591694,0.416152,-0.059266,0.428596,0.415414,0.0382401,0.610599,0.656372,-0.271938,0.413847,0.661841,-0.211086,0.632425,0.879699,0.0309028,0.397601,0.872214,0.0735945,0.628011,0.91242,0.0442981,0.39936,0.902326,0.0893564,0.639605,0.949897,-0.114847,0.397036,0.948687,-0.0904759
3103100,1,0.522785,0.0307901,0.000869989,0.538108,0.0150894,0.00111777,0.547501,0.0156596,-0.0119762,0.556844,0.0162904,-0.00634566,0.509137,0.0136317,0.00300164,0.499567,0.0129075,-0.00111427,0.490238,0.0122955,0.000657916,0.566555,0.0241864,0.00406423,0.474473,0.0194551,0.00373964,0.537113,0.0519188,0.00677424,0.502348,0.0499156,0.00233553,0.626684,0.129751,0.0184913,0.398263,0.126922,-0.00338578,0.648589,0.227953,0.115396,0.405685,0.22744,0.0170577,0.61263,0.181284,0.229673,0.514078,0.180411,0.135787,0.602543,0.171969,0.249915,0.546397,0.169197,0.185403,0.600909,0.152998,0.254789,0.540034,0.152866,0.191115,0.596311,0.156423,0.251416,0.534618,0.158606,0.183765,0.593281,0.418178,-0.0212928,0.434097,0.422023,0.014463,0.61132,0.662956,-0.236068,0.414742,0.66413,-0.235294,0.637693,0.891613,0.0699379,0.398518,0.875158,0.0667574,0.634834,0.923435,0.0860686,0.404238,0.902489,0.0960315,0.638743,0.964091,-0.0889163,0.393185,0.950031,-0.0746776
3136466,1,0.520252,0.0295137,0.000135255,0.536653,0.014731,0.00138531,0.546037,0.015666,-0.0108172,0.555356,0.0166562,-0.00652904,0.508227,0.0127461,0.00298902,0.498943,0.0120773,-0.00133851,0.489896,0.0115418,0.000560634,0.566209,0.0267721,0.00354109,0.476244,0.0204854,0.00334143,0.534376,0.052467,0.00637717,0.501027,0.0498423,0.00218119,0.624821,0.132944,-0.0403626,0.404675,0.126806,-0.00546306,0.647252,0.222447,0.0141956,0.398156,0.203951,0.0537573,0.60495,0.178816,0.130818,0.506877,0.17253,0.267,0.593466,0.167483,0.159026,0.537813,0.163994,0.34302,0.591138,0.15231,0.163666,0.535671,0.150644,0.352083,0.585659,0.157726,0.156047,0.531001,0.156311,0.334251,0.594913,0.415456,-0.0807922,0.432501,0.416353,0.0575637,0.60651,0.653219,-0.255462,0.408617,0.653579,-0.180848,0.630356,0.876847,0.0223454,0.392027,0.86093,0.0931593,0.630317,0.908489,0.041058,0.399963,0.889277,0.114874,0.628575,0.951337,-0.114324,0.379136,0.939097,-0.0539456
3169832,1,0.514182,0.0337194,-0.00143304,0.531176,0.0144035,0.00151894,0.541001,0.0147007,-0.0103601,0.550774,0.0150418,-0.00702945,0.501812,0.013826,0.00277128,0.492164,0.0135304,-0.0013386,0.482764,0.0133781,3.53436e-05,0.563989,0.0240266,0.00394572,0.47112,0.0217467,0.00368286,0.530126,0.0555841,0.00522318,0.495876,0.0547937,0.00267696,0.618817,0.13337,-0.0483713,0.403864,0.131427,-0.00373337,0.638745,0.231137,-0.0070537,0.389408,0.226514,0.0294907,0.619186,0.193016,0.0126397,0.403342,0.192869,0.152533,0.614396,0.182503,0.0308337,0.402922,0.178829,0.192084,0.607995,0.167856,0.0326173,0.40058,0.167711,0.19586,0.598348,0.173914,0.0316844,0.41104,0.173454,0.183874,0.598417,0.42189,-0.0482679,0.434823,0.422621,0.0363702,0.611326,0.667403,-0.291536,0.419416,0.671724,-0.203327,0.638785,0.888366,0.0342253,0.402024,0.880369,0.0843818,0.636256,0.920113,0.0416311,0.402325,0.91058,0.0963495,0.644958,0.95689,-0.129898,0.404492,0.95321,-0.088087
3203200,1,0.520391,0.0319529,0.000183061,0.535084,0.0166011,0.000809795,0.544585,0.0172674,-0.011192,0.554031,0.0179808,-0.00656822,0.505516,0.0150494,0.00389496,0.495579,0.0144335,-0.000828207,0.485879,0.0139405,0.000692395,0.563563,0.0274338,0.00362718,0.469001,0.0227849,0.00309787,0.535007,0.0547534,0.00680383,0.49975,0.0526676,0.00205014,0.623406,0.137597,-0.00217381,0.397913,0.128505,-0.0135151,0.665114,0.228164,0.0875513,0.407339,0.195523,0.0196186,0.607847,0.180219,0.231638,0.528877,0.168232,0.187247,0.592335,0.168077,0.254198,0.562044,0.161913,0.24631,0.588754,0.152053,0.261583,0.560572,0.149108,0.253574,0.58556,0.158496,0.254074,0.55398,0.154286,0.238527,0.595153,0.423695,-0.0421837,0.429565,0.425989,0.0264811,0.608314,0.665063,-0.260167,0.410663,0.669334,-0.235446,0.627553,0.891899,0.0545414,0.394034,0.881429,0.064175,0.625019,0.924375,0.0705085,0.399268,0.910016,0.0889683,0.627578,0.961012,-0.0992455,0.387914,0.956188,-0.0945719
3236567,1,0.521862,0.0285464,-1.56929e-05,0.534826,0.012714,0.00150999,0.543844,0.0132302,-0.0111521,0.552797,0.013793,-0.00642191,0.506027,0.0114045,0.00330474,0.496269,0.0108142,-0.00113279,0.486749,0.0103354,0.000360425,0.560541,0.0224977,0.00439956,0.469015,0.0189483,0.0027517,0.535657,0.0506295,0.00572878,0.501394,0.0488295,0.00167037,0.620916,0.134106,0.064855,0.39596,0.126189,0.032551,0.651896,0.246636,0.125034,0.419776,0.221913,0.00372461,0.602838,0.185289,0.172688,0.540982,0.164112,0.0604752,0.593576,0.168001,0.164876,0.573314,0.149662,0.0886504,0.595285,0.151734,0.173399,0.567047,0.13672,0.0958872,0.589604,0.15845,0.16937,0.562928,0.143607,0.0891145,0.594628,0.418354,-0.0256175,0.430744,0.419793,0.0156975,0.610801,0.663339,-0.266939,0.407927,0.66269,-0.244005,0.631569,0.893025,0.0511968,0.395227,0.877453,0.0579897,0.628846,0.925222,0.0617675,0.399415,0.905612,0.0807955,0.631627,0.963335,-0.118204,0.390068,0.95258,-0.104931
